supplier_id,shopify_title,supplier_net,supplier_list,app_retail,shopify_price,margin_pct,implied_markup_pct,below_cost,quantity_breaks,shopify_variants,shopify_price_max,shopify_handle,note
CM288BS,Leatherette Wine Bag Large,22.11,,30.99,11.79,-46.7,-46.7,YES,3,1,11.79,p-8825-leatherette-wine-bag-large,
CM373BS,Leatherette on Steel Shot Glass,10.02,,14.99,10.19,1.7,1.7,,3,10,10.19,p-8807-leatherette-on-steel-shot-glass,
CM373BV,Leatherette on Steel Shot Glass,10.02,,14.99,10.19,1.7,1.7,,3,10,10.19,p-8807-leatherette-on-steel-shot-glass,
CM373DB,Leatherette on Steel Shot Glass,10.02,,14.99,10.19,1.7,1.7,,3,10,10.19,p-8807-leatherette-on-steel-shot-glass,
CM373GR,Leatherette on Steel Shot Glass,10.02,,14.99,10.19,1.7,1.7,,3,10,10.19,p-8807-leatherette-on-steel-shot-glass,
CM373LB,Leatherette on Steel Shot Glass,10.02,,14.99,10.19,1.7,1.7,,3,10,10.19,p-8807-leatherette-on-steel-shot-glass,
CM373PK,Leatherette on Steel Shot Glass,10.02,,14.99,10.19,1.7,1.7,,3,10,10.19,p-8807-leatherette-on-steel-shot-glass,
CM373RW,Leatherette on Steel Shot Glass,10.02,,14.99,10.19,1.7,1.7,,3,10,10.19,p-8807-leatherette-on-steel-shot-glass,
CM373TL,Leatherette on Steel Shot Glass,10.02,,14.99,10.19,1.7,1.7,,3,10,10.19,p-8807-leatherette-on-steel-shot-glass,
EP22PKG,Blue Steel Beveled Lucite,464.13,,649.99,493.79,6.4,6.4,,2,1,493.79,p-8721-blue-steel-beveled-lucite,
EP2PK,Scroll Border Photo Plaque,317.76,,444.99,346.09,8.9,8.9,,2,2,635.59,p-8900-scroll-border-photo-plaque,
EP9PK,Ebony Finish 12-Plt Layered Blue and Silver Border Plaque with Easy Perpetual Plate Release Program,318.72,,446.99,352.59,10.6,10.6,,2,2,639.59,p-8831-ebony-finish-12-plt-layered-blue-and-silver-border-plaque-with-easy-perpetual-plate-release-program,
GI30C,Optic Crystal Circular Wedge Award,85.2,,119.99,95.99,12.7,12.7,,3,3,157.99,p-8838-optic-crystal-circular-wedge-award,
GI836,Crystal Triangular Stackable Add on with acrylic connector,76.2,,106.99,86.69,13.8,13.8,,9,3,86.69,p-8634-crystal-triangular-stackable-add-on-with-acrylic-connector,
EP10PKG,Raised Lucite Silver Swirl Perpetual Plaque,647.04,,905.99,742.79,14.8,14.8,,2,2,1328.69,p-8855-raised-lucite-silver-swirl-perpetual-plaque,
GM809CBL,Blue  Accent Clear Center Crystal,147.6,,206.99,171.19,16.0,16.0,,3,3,291.06,p-8712-blue-accent-clear-center-crystal,
G0992,16 oz. Pint Mixing Glass,13.29,,18.99,16.19,21.8,21.8,,3,1,16.19,p-8659-16-oz-pint-mixing-glass,
CM356BL,Leatherette Pen Large,10.71,,15.99,13.89,29.7,29.7,,3,1,13.89,p-8808-leatherette-pen-large,
CM356BS,Leatherette Pen Large,10.71,,15.99,13.89,29.7,29.7,,3,1,13.89,p-8808-leatherette-pen-large,
CM356DB,Leatherette Pen Large,10.71,,15.99,13.89,29.7,29.7,,3,1,13.89,p-8808-leatherette-pen-large,
CM356GR,Leatherette Pen Large,10.71,,15.99,13.89,29.7,29.7,,3,1,13.89,p-8808-leatherette-pen-large,
CM356LB,Leatherette Pen Large,10.71,,15.99,13.89,29.7,29.7,,3,1,13.89,p-8808-leatherette-pen-large,
CM356PK,Leatherette Pen Large,10.71,,15.99,13.89,29.7,29.7,,3,1,13.89,p-8808-leatherette-pen-large,
CM356RS,Leatherette Pen Large,10.71,,15.99,13.89,29.7,29.7,,3,1,13.89,p-8808-leatherette-pen-large,
CM356RW,Leatherette Pen Large,10.71,,15.99,13.89,29.7,29.7,,3,1,13.89,p-8808-leatherette-pen-large,
CM356TL,Leatherette Pen Large,10.71,,15.99,13.89,29.7,29.7,,3,1,13.89,p-8808-leatherette-pen-large,
GI602BL,Deco Clear Glass with Blue Glass Accents,73.8,,103.99,96.09,30.2,30.2,,3,1,96.09,p-8750-deco-clear-glass-with-blue-glass-accents,
CM287DB,Leatherette Mug Sleeve Large,8.94,,12.99,11.79,31.9,31.9,,3,3,11.79,p-8804-leatherette-mug-sleeve-large,
CM287LB,Leatherette Mug Sleeve Large,8.94,,12.99,11.79,31.9,31.9,,3,3,11.79,p-8804-leatherette-mug-sleeve-large,
CM287RW,Leatherette Mug Sleeve Large,8.94,,12.99,11.79,31.9,31.9,,3,3,11.79,p-8804-leatherette-mug-sleeve-large,
GI309,Blue And Optic Crystal Arches,227.4,,318.99,303.99,33.7,33.7,,3,1,303.99,p-8713-blue-and-optic-crystal-arches,
G0991,15 oz. Stemless Wine Glass,11.94,,16.99,16.19,35.6,35.6,,3,1,16.19,p-8657-15-oz-stemless-wine-glass,
GM809BBL,Blue  Accent Clear Center Crystal,124.8,,174.99,171.19,37.2,37.2,,3,3,291.06,p-8712-blue-accent-clear-center-crystal,
G0994,16 oz. Willi Becher Beer Glass,14.01,,19.99,19.49,39.1,39.1,,3,1,19.49,p-8660-16-oz-willi-becher-beer-glass,
GI23C,Octagon Tower,80.4,,112.99,117.89,46.6,46.6,,3,3,177.43,p-8836-octagon-tower,
C1407LB,Blue Diamond Carve Lucite Octagon Plaque,124.2,,173.99,184.09,48.2,48.2,,4,1,184.09,p-8715-blue-diamond-carve-lucite-octagon-plaque,
CD943C,Clear Acrylic Circle on Clear Base Small,47.34,,66.99,71.79,51.6,51.6,,4,1,71.79,p-8731-clear-acrylic-circle-on-clear-base-small,
CM330,Leatherette Bottle Opener Keychain,10.71,,15.99,16.89,57.7,57.7,,24,11,16.89,p-8782-leatherette-bottle-opener-keychain,
GI30B,Optic Crystal Circular Wedge Award,59.76,,83.99,95.99,60.6,60.6,,3,3,157.99,p-8838-optic-crystal-circular-wedge-award,
CM721GR,Journal with Phone Pouch Large,26.4,,36.99,42.79,62.1,62.1,,3,1,42.79,p-8774-journal-with-phone-pouch-large,
CM721RW,Journal with Phone Pouch Large,26.4,,36.99,42.79,62.1,62.1,,3,1,42.79,p-8774-journal-with-phone-pouch-large,
G0995,8 oz. Champagne Flute,16.41,,22.99,27.39,66.9,66.9,,3,1,27.39,p-8662-8-oz-champagne-flute,
GM809ABL,Blue  Accent Clear Center Crystal,99.6,,139.99,171.19,71.9,71.9,,3,3,291.06,p-8712-blue-accent-clear-center-crystal,
CM289BL,Leatherette Beverage Holder Large,9.24,,12.99,15.89,72.0,72.0,,3,1,15.89,p-8781-leatherette-beverage-holder-large,
CM289BS,Leatherette Beverage Holder Large,9.24,,12.99,15.89,72.0,72.0,,3,1,15.89,p-8781-leatherette-beverage-holder-large,
CM289DB,Leatherette Beverage Holder Large,9.24,,12.99,15.89,72.0,72.0,,3,1,15.89,p-8781-leatherette-beverage-holder-large,
CM289GR,Leatherette Beverage Holder Large,9.24,,12.99,15.89,72.0,72.0,,3,1,15.89,p-8781-leatherette-beverage-holder-large,
CM289LB,Leatherette Beverage Holder Large,9.24,,12.99,15.89,72.0,72.0,,3,1,15.89,p-8781-leatherette-beverage-holder-large,
CM289PK,Leatherette Beverage Holder Large,9.24,,12.99,15.89,72.0,72.0,,3,1,15.89,p-8781-leatherette-beverage-holder-large,
CM289RS,Leatherette Beverage Holder Large,9.24,,12.99,15.89,72.0,72.0,,3,1,15.89,p-8781-leatherette-beverage-holder-large,
CM289RW,Leatherette Beverage Holder Large,9.24,,12.99,15.89,72.0,72.0,,3,1,15.89,p-8781-leatherette-beverage-holder-large,
CM289TL,Leatherette Beverage Holder Large,9.24,,12.99,15.89,72.0,72.0,,3,1,15.89,p-8781-leatherette-beverage-holder-large,
GI491B,Optic Crystal Rectangle Award,91.8,,128.99,157.99,72.1,72.1,,3,2,169.39,p-8840-optic-crystal-rectangle-award,
C0613,Small Blue Dynasty Award with Clear Lucite Base,113.4,,158.99,198.99,75.5,75.5,,4,1,198.99,ps-pacesetter-c0613,
G0996,19 oz. Wine Glass,15.99,,22.99,28.09,75.7,75.7,,3,1,28.09,p-8661-19-oz-wine-glass,
GI647C,Bold Clear Crystal Facet Oval,107.4,,150.99,189.49,76.4,76.4,,3,1,189.49,p-8723-bold-clear-crystal-facet-oval,
GI23B,Octagon Tower,66.6,,93.99,117.89,77.0,77.0,,3,3,177.43,p-8836-octagon-tower,
EP23,Crimson Border Beveled Lucite,273.36,,382.99,493.79,80.6,80.6,,2,1,493.79,p-8736-crimson-border-beveled-lucite,
EP25,Blue Steel Contoured Lucite,198.33,,277.99,358.39,80.7,80.7,,2,1,358.39,p-8722-blue-steel-contoured-lucite,
GI30A,Optic Crystal Circular Wedge Award,52.05,,72.99,95.99,84.4,84.4,,3,3,157.99,p-8838-optic-crystal-circular-wedge-award,
GI647B,Bold Clear Crystal Facet Oval,99.6,,139.99,189.49,90.3,90.3,,3,1,189.49,p-8723-bold-clear-crystal-facet-oval,
CM825,Stainless Steel Whiskey Stone Gift Set in Bamboo Case,48.66,,68.99,93.39,91.9,91.9,,3,1,93.39,p-8686-stainless-steel-whiskey-stone-gift-set-in-bamboo-case,
EP5,Rosewood 12 Plate Perpetual Plaque,175.62,,245.99,339.49,93.3,93.3,,2,1,339.49,p-8863-rosewood-12-plate-perpetual-plaque,
EP2,Scroll Border Photo Plaque,177.51,,248.99,346.09,95.0,95.0,,2,2,635.59,p-8900-scroll-border-photo-plaque,
EP9,Ebony Finish 12-Plt Layered Blue and Silver Border Plaque with Easy Perpetual Plate Release Program,179.07,,250.99,352.59,96.9,96.9,,2,2,639.59,p-8831-ebony-finish-12-plt-layered-blue-and-silver-border-plaque-with-easy-perpetual-plate-release-program,
CM722ABB,Leatherette Frame  Holds Large,21.69,,30.99,42.79,97.3,97.3,,3,1,42.79,p-8795-leatherette-frame-holds-large,
CM450BS,Leatherette Flask Gift Set,40.32,,56.99,79.79,97.9,97.9,,3,7,79.79,p-8792-leatherette-flask-gift-set,
CM450DB,Leatherette Flask Gift Set,40.32,,56.99,79.79,97.9,97.9,,3,7,79.79,p-8792-leatherette-flask-gift-set,
CM450GR,Leatherette Flask Gift Set,40.32,,56.99,79.79,97.9,97.9,,3,7,79.79,p-8792-leatherette-flask-gift-set,
CM450PK,Leatherette Flask Gift Set,40.32,,56.99,79.79,97.9,97.9,,3,7,79.79,p-8792-leatherette-flask-gift-set,
CM450RW,Leatherette Flask Gift Set,40.32,,56.99,79.79,97.9,97.9,,3,7,79.79,p-8792-leatherette-flask-gift-set,
EP10,Raised Lucite Silver Swirl Perpetual Plaque,372.12,,520.99,742.79,99.6,99.6,,2,2,1328.69,p-8855-raised-lucite-silver-swirl-perpetual-plaque,
GI835,Crystal Triangular Stackable Perpetual Awards,100.2,,140.99,199.99,99.6,99.6,,3,1,199.99,p-8633-crystal-triangular-stackable-perpetual-awards,
GI491C,Optic Crystal Billboard,99,,138.99,200.29,102.3,102.3,,3,1,200.29,p-8837-optic-crystal-billboard,
GI491A,Optic Crystal Rectangle Award,78,,109.99,157.99,102.6,102.6,,3,2,169.39,p-8840-optic-crystal-rectangle-award,
GI647A,Bold Clear Crystal Facet Oval,92.4,,129.99,189.49,105.1,105.1,,3,1,189.49,p-8723-bold-clear-crystal-facet-oval,
GI586BL,Two-Tone Clear and Blue Crescent Curved Glass (Includes Silver Color,147,,205.99,302.19,105.6,105.6,,3,1,302.19,p-8896-two-tone-clear-and-blue-crescent-curved-glass-includes-silver-color,
GI23A,Octagon Tower,56.34,,78.99,117.89,109.2,109.2,,3,3,177.43,p-8836-octagon-tower,
CM326BS,Leatherette Certificate Holder,32.61,,45.99,68.69,110.6,110.6,,3,11,68.69,p-8786-leatherette-certificate-holder,
CM326DB,Leatherette Certificate Holder,32.61,,45.99,68.69,110.6,110.6,,3,11,68.69,p-8786-leatherette-certificate-holder,
CM326GR,Leatherette Certificate Holder,32.61,,45.99,68.69,110.6,110.6,,3,11,68.69,p-8786-leatherette-certificate-holder,
CM326RS,Leatherette Certificate Holder,32.61,,45.99,68.69,110.6,110.6,,3,11,68.69,p-8786-leatherette-certificate-holder,
CM326RW,Leatherette Certificate Holder,32.61,,45.99,68.69,110.6,110.6,,3,11,68.69,p-8786-leatherette-certificate-holder,
CM286BL,Leatherette Flask,18.81,,26.99,39.7,111.1,111.1,,3,1,39.7,p-8793-leatherette-flask,
CM286BS,Leatherette Flask,18.81,,26.99,39.7,111.1,111.1,,3,1,39.7,p-8793-leatherette-flask,
CM286DB,Leatherette Flask,18.81,,26.99,39.7,111.1,111.1,,3,1,39.7,p-8793-leatherette-flask,
CM286GR,Leatherette Flask,18.81,,26.99,39.7,111.1,111.1,,3,1,39.7,p-8793-leatherette-flask,
CM286LB,Leatherette Flask,18.81,,26.99,39.7,111.1,111.1,,3,1,39.7,p-8793-leatherette-flask,
CM286PK,Leatherette Flask,18.81,,26.99,39.7,111.1,111.1,,3,1,39.7,p-8793-leatherette-flask,
CM286RS,Leatherette Flask,18.81,,26.99,39.7,111.1,111.1,,3,1,39.7,p-8793-leatherette-flask,
CM286RW,Leatherette Flask,18.81,,26.99,39.7,111.1,111.1,,3,1,39.7,p-8793-leatherette-flask,
CM286TL,Leatherette Flask,18.81,,26.99,39.7,111.1,111.1,,3,1,39.7,p-8793-leatherette-flask,
CD1022CBL,Sweeping Ribbon Award,53.85,,75.99,115.59,114.7,114.7,,5,12,176.46,p-8882-sweeping-ribbon-award,
CD1022CGO,Sweeping Ribbon Award,53.85,,75.99,115.59,114.7,114.7,,5,12,176.46,p-8882-sweeping-ribbon-award,
CD1022CGR,Sweeping Ribbon Award,53.85,,75.99,115.59,114.7,114.7,,5,12,176.46,p-8882-sweeping-ribbon-award,
CD1022CRD,Sweeping Ribbon Award,53.85,,75.99,115.59,114.7,114.7,,5,12,176.46,p-8882-sweeping-ribbon-award,
CD1022BBL,Sweeping Ribbon Award,53.13,,74.99,115.59,117.6,117.6,,5,12,176.46,p-8882-sweeping-ribbon-award,
CD1022BGO,Sweeping Ribbon Award,53.13,,74.99,115.59,117.6,117.6,,5,12,176.46,p-8882-sweeping-ribbon-award,
CD1022BGR,Sweeping Ribbon Award,53.13,,74.99,115.59,117.6,117.6,,5,12,176.46,p-8882-sweeping-ribbon-award,
CD1022BRD,Sweeping Ribbon Award,53.13,,74.99,115.59,117.6,117.6,,5,12,176.46,p-8882-sweeping-ribbon-award,
CD1022ABL,Sweeping Ribbon Award,52.08,,72.99,115.59,121.9,121.9,,5,12,176.46,p-8882-sweeping-ribbon-award,
CD1022AGO,Sweeping Ribbon Award,52.08,,72.99,115.59,121.9,121.9,,5,12,176.46,p-8882-sweeping-ribbon-award,
CD1022AGR,Sweeping Ribbon Award,52.08,,72.99,115.59,121.9,121.9,,5,12,176.46,p-8882-sweeping-ribbon-award,
CD1022ARD,Sweeping Ribbon Award,52.08,,72.99,115.59,121.9,121.9,,5,12,176.46,p-8882-sweeping-ribbon-award,
GI307,The Noir Glass Wave On Black Glass Base,107.4,,150.99,256.54,138.9,138.9,,3,1,256.54,p-8893-the-noir-glass-wave-on-black-glass-base,
GI836,Crystal Triangular Stackable Perpetual Awards,76.2,,106.99,199.99,162.5,162.5,,9,1,199.99,p-8633-crystal-triangular-stackable-perpetual-awards,
C0813C,Freestanding Lucite Block,33.75,,47.99,94.89,181.2,181.2,,5,1,94.89,p-8754-freestanding-lucite-block,
CM415BS,Leatherette Journal,27.87,,39.99,90.79,225.8,225.8,,3,1,90.79,p-8797-leatherette-journal,
CM415CK,Leatherette Journal,27.87,,39.99,90.79,225.8,225.8,,3,1,90.79,p-8797-leatherette-journal,
CM415DB,Leatherette Journal,27.87,,39.99,90.79,225.8,225.8,,3,1,90.79,p-8797-leatherette-journal,
CM415GR,Leatherette Journal,27.87,,39.99,90.79,225.8,225.8,,3,1,90.79,p-8797-leatherette-journal,
CM415LB,Leatherette Journal,27.87,,39.99,90.79,225.8,225.8,,3,1,90.79,p-8797-leatherette-journal,
CM415PK,Leatherette Journal,27.87,,39.99,90.79,225.8,225.8,,3,1,90.79,p-8797-leatherette-journal,
CM415RS,Leatherette Journal,27.87,,39.99,90.79,225.8,225.8,,3,1,90.79,p-8797-leatherette-journal,
CM415RW,Leatherette Journal,27.87,,39.99,90.79,225.8,225.8,,3,1,90.79,p-8797-leatherette-journal,
CM415TL,Leatherette Journal,27.87,,39.99,90.79,225.8,225.8,,3,1,90.79,p-8797-leatherette-journal,
CD1263,Suspended Star Acrylic Award,43.53,,60.99,164.99,279.0,279.0,,3,1,164.99,p-8687-suspended-star-acrylic-award,
CM288DB,Leatherette Wine Bag Small,22.11,,30.99,84.59,282.6,282.6,,3,1,84.59,p-8824-leatherette-wine-bag-small,
CM288RW,Leatherette Wine Bag Small,22.11,,30.99,84.59,282.6,282.6,,3,1,84.59,p-8824-leatherette-wine-bag-small,
CM722BBB,Leatherette Frame  Holds Small,23.73,,33.99,91.69,286.4,286.4,,3,1,91.69,p-8794-leatherette-frame-holds-small,
CM722BBS,Leatherette Frame  Holds Small,23.73,,33.99,91.69,286.4,286.4,,3,1,91.69,p-8794-leatherette-frame-holds-small,
CM722BBV,Leatherette Frame  Holds Small,23.73,,33.99,91.69,286.4,286.4,,3,1,91.69,p-8794-leatherette-frame-holds-small,
CM722BGR,Leatherette Frame  Holds Small,23.73,,33.99,91.69,286.4,286.4,,3,1,91.69,p-8794-leatherette-frame-holds-small,
CM722BLB,Leatherette Frame  Holds Small,23.73,,33.99,91.69,286.4,286.4,,3,1,91.69,p-8794-leatherette-frame-holds-small,
CM722BRW,Leatherette Frame  Holds Small,23.73,,33.99,91.69,286.4,286.4,,3,1,91.69,p-8794-leatherette-frame-holds-small,
CM722BTL,Leatherette Frame  Holds Small,23.73,,33.99,91.69,286.4,286.4,,3,1,91.69,p-8794-leatherette-frame-holds-small,
CM288TL,Leatherette Wine Bag Small,21.51,,30.99,84.59,293.3,293.3,,3,1,84.59,p-8824-leatherette-wine-bag-small,
CM297BL,Zipper Leatherette Portfolio,46.89,,65.99,189.99,305.2,305.2,,3,11,189.99,p-8905-zipper-leatherette-portfolio,
CM297BS,Zipper Leatherette Portfolio,46.89,,65.99,189.99,305.2,305.2,,3,11,189.99,p-8905-zipper-leatherette-portfolio,
CM297CK,Zipper Leatherette Portfolio,46.89,,65.99,189.99,305.2,305.2,,3,11,189.99,p-8905-zipper-leatherette-portfolio,
CM297DB,Zipper Leatherette Portfolio,46.89,,65.99,189.99,305.2,305.2,,3,11,189.99,p-8905-zipper-leatherette-portfolio,
CM297GR,Zipper Leatherette Portfolio,46.89,,65.99,189.99,305.2,305.2,,3,11,189.99,p-8905-zipper-leatherette-portfolio,
CM297LB,Zipper Leatherette Portfolio,46.89,,65.99,189.99,305.2,305.2,,3,11,189.99,p-8905-zipper-leatherette-portfolio,
CM297PK,Zipper Leatherette Portfolio,46.89,,65.99,189.99,305.2,305.2,,3,11,189.99,p-8905-zipper-leatherette-portfolio,
CM297RS,Zipper Leatherette Portfolio,46.89,,65.99,189.99,305.2,305.2,,3,11,189.99,p-8905-zipper-leatherette-portfolio,
CM297RW,Zipper Leatherette Portfolio,46.89,,65.99,189.99,305.2,305.2,,3,11,189.99,p-8905-zipper-leatherette-portfolio,
CM297TL,Zipper Leatherette Portfolio,46.89,,65.99,189.99,305.2,305.2,,3,11,189.99,p-8905-zipper-leatherette-portfolio,
G0990,9 oz. Stemless Wine Glass,11.52,,16.99,48.29,319.2,319.2,,3,1,48.29,p-8663-9-oz-stemless-wine-glass,
CM722ABS,Leatherette Frame  Holds Small,21.69,,30.99,91.69,322.7,322.7,,3,1,91.69,p-8794-leatherette-frame-holds-small,
CM722ABV,Leatherette Frame  Holds Small,21.69,,30.99,91.69,322.7,322.7,,3,1,91.69,p-8794-leatherette-frame-holds-small,
CM722AGR,Leatherette Frame  Holds Small,21.69,,30.99,91.69,322.7,322.7,,3,1,91.69,p-8794-leatherette-frame-holds-small,
CM722ALB,Leatherette Frame  Holds Small,21.69,,30.99,91.69,322.7,322.7,,3,1,91.69,p-8794-leatherette-frame-holds-small,
CM722ARW,Leatherette Frame  Holds Small,21.69,,30.99,91.69,322.7,322.7,,3,1,91.69,p-8794-leatherette-frame-holds-small,
CM722ATL,Leatherette Frame  Holds Small,21.69,,30.99,91.69,322.7,322.7,,3,1,91.69,p-8794-leatherette-frame-holds-small,
CM721BS,Journal with Phone Pouch Small,26.4,,36.99,122.99,365.9,365.9,,3,1,122.99,p-8773-journal-with-phone-pouch-small,
