id_en_conflicto;handle;titulo;ps_product_id;sincronizado;variantes;reclamado_tambien_por;ps_product_ids_actual
CD267A;p-5341-lucite-wall-plaque-with-custom-digi-color-print;Lucite Wall Plaque with Custom Digi-Color Print;CD266A;no;1;p-7813-38-thick-custom-digi-large;CD266A CD267A
CA21CXB;p-5516-blue-star-power-sculptured-lucite-award-trophy;Blue Star Power Sculptured Lucite Award Trophy;CA21CXB;no;1;p-5900-gold-star-power-sculptured-lucite-small | p-5517-blue-star-power-sculptured-lucite-award;CA21CXB
CA21AXB;p-5517-blue-star-power-sculptured-lucite-award;Blue Star Power Sculptured Lucite Award;CA21AXB;no;1;p-5901-gold-star-power-sculptured-lucite-award;CA21AXB CA21BXB CA21CXB
CA21BXB;p-5517-blue-star-power-sculptured-lucite-award;Blue Star Power Sculptured Lucite Award;CA21AXB;no;1;p-5901-gold-star-power-sculptured-lucite-award;CA21AXB CA21BXB CA21CXB
CA21CXB;p-5517-blue-star-power-sculptured-lucite-award;Blue Star Power Sculptured Lucite Award;CA21AXB;no;1;p-5900-gold-star-power-sculptured-lucite-small | p-5516-blue-star-power-sculptured-lucite-award-trophy;CA21AXB CA21BXB CA21CXB
CA21CXC;p-5609-clear-star-power-sculptured-lucite-large;Clear Star Power Sculptured Lucite Large;CA21CXC;no;1;p-5900-gold-star-power-sculptured-lucite-small;CA21CXC
CA21AXC;p-5610-clear-star-power-sculptured-lucite-award;Clear Star Power Sculptured Lucite Award;CA21AXC;no;1;p-5901-gold-star-power-sculptured-lucite-award;CA21AXC CA21BXC
CA21BXC;p-5610-clear-star-power-sculptured-lucite-award;Clear Star Power Sculptured Lucite Award;CA21AXC;no;1;p-5901-gold-star-power-sculptured-lucite-award;CA21AXC CA21BXC
CM289CK;p-5617-cork-beverage-holder;Cork Beverage Holder;CM289CK;no;1;p-8781-leatherette-beverage-holder-large;CM289CK
CM286CK;p-5620-cork-flask;Cork Flask;CM286CK;no;1;p-8793-leatherette-flask;CM286CK
DCCD424ACU;p-5678-large-rectangular-custom-digi-color-lucite-award;Large Rectangular Custom Digi Color Lucite Award;DCCD424ACU;no;1;p-8160-rectangular-digi-color-lucite-ribbon-award;DCCD424ACU DCCD424BCU
GI602BK;p-5681-deco-clear-glass-with-black-glass-accents;Deco Clear Glass with Black Glass Accents;GI602BK;no;1;p-8750-deco-clear-glass-with-blue-glass-accents;GI602BK
GI665B;p-5694-crystal-faceted-block-tower-award;Crystal Faceted Block Tower Award;GI665B;no;1;p-7978-diamond-towers-crystal-faceted-block-award;GI665B GI665C
GI665C;p-5694-crystal-faceted-block-tower-award;Crystal Faceted Block Tower Award;GI665B;no;1;p-7978-diamond-towers-crystal-faceted-block-award;GI665B GI665C
CD900AK;p-5805-alaska-state-silhouette-awards;Alaska State Silhouette Awards;CD900AK;no;1;p-7115-frosted-lucite-star-cutout-on-risers-award;CD900AK
CD900AL;p-5806-alabama-state-silhouette-awards;Alabama State Silhouette Awards;CD900AL;no;1;p-7115-frosted-lucite-star-cutout-on-risers-award;CD900AL
CD900AR;p-5807-arkansas-state-silhouette-awards;Arkansas State Silhouette Awards;CD900AR;no;1;p-7115-frosted-lucite-star-cutout-on-risers-award;CD900AR
CD900AZ;p-5808-arizona-state-silhouette-awards;Arizona State Silhouette Awards;CD900AZ;no;1;p-7115-frosted-lucite-star-cutout-on-risers-award;CD900AZ
CD900CA;p-5809-california-state-silhouette-awards;California State Silhouette Awards;CD900CA;no;1;p-7115-frosted-lucite-star-cutout-on-risers-award;CD900CA
CD900CO;p-5810-colorado-state-silhouette-awards;Colorado State Silhouette Awards;CD900CO;no;1;p-7115-frosted-lucite-star-cutout-on-risers-award;CD900CO
CD900CT;p-5811-connecticut-state-silhouette-awards;Connecticut State Silhouette Awards;CD900CT;no;1;p-7115-frosted-lucite-star-cutout-on-risers-award;CD900CT
CD900DE;p-5812-delaware-state-silhouette-awards;Delaware State Silhouette Awards;CD900DE;no;1;p-7115-frosted-lucite-star-cutout-on-risers-award;CD900DE
CD900FL;p-5813-florida-state-silhouette-awards;Florida State Silhouette Awards;CD900FL;no;1;p-7115-frosted-lucite-star-cutout-on-risers-award;CD900FL
CD900GA;p-5814-georgia-state-silhouette-awards;Georgia State Silhouette Awards;CD900GA;no;1;p-7115-frosted-lucite-star-cutout-on-risers-award;CD900GA
CD900HI;p-5815-hawaii-state-silhouette-awards;Hawaii State Silhouette Awards;CD900HI;no;1;p-7115-frosted-lucite-star-cutout-on-risers-award;CD900HI
CD900IA;p-5816-iowa-state-silhouette-awards;Iowa State Silhouette Awards;CD900IA;no;1;p-7115-frosted-lucite-star-cutout-on-risers-award;CD900IA
CD900ID;p-5817-idaho-state-sillhouette-awards;Idaho State Sillhouette Awards;CD900ID;no;1;p-7115-frosted-lucite-star-cutout-on-risers-award;CD900ID
CD900IN;p-5818-indiana-state-silhouette-awards;Indiana State Silhouette Awards;CD900IN;no;1;p-7115-frosted-lucite-star-cutout-on-risers-award;CD900IN
CD900KS;p-5819-kansas-state-silhouette-awards;Kansas State Silhouette Awards;CD900KS;no;1;p-7115-frosted-lucite-star-cutout-on-risers-award;CD900KS
CD900KY;p-5820-kentucky-state-silhouette-awards;Kentucky State Silhouette Awards;CD900KY;no;1;p-7115-frosted-lucite-star-cutout-on-risers-award;CD900KY
CD900LA;p-5821-louisiana-state-silhouette-awards;Louisiana State Silhouette Awards;CD900LA;no;1;p-7115-frosted-lucite-star-cutout-on-risers-award;CD900LA
CD900MA;p-5822-massachusetts-state-silhouette-awards;Massachusetts State Silhouette Awards;CD900MA;no;1;p-7115-frosted-lucite-star-cutout-on-risers-award;CD900MA
CD900MD;p-5823-maryland-state-silhouette-awards;Maryland State Silhouette Awards;CD900MD;no;1;p-7115-frosted-lucite-star-cutout-on-risers-award;CD900MD
CD900ME;p-5824-maine-state-silhouette-awards;Maine State Silhouette Awards;CD900ME;no;1;p-7115-frosted-lucite-star-cutout-on-risers-award;CD900ME
CD900MI;p-5825-michigan-state-silhouette-awards;Michigan State Silhouette Awards;CD900MI;no;1;p-7115-frosted-lucite-star-cutout-on-risers-award;CD900MI
CD900MN;p-5826-minnesota-state-silhouette-awards;Minnesota State Silhouette Awards;CD900MN;no;1;p-7115-frosted-lucite-star-cutout-on-risers-award;CD900MN
CD900MO;p-5827-missouri-state-silhouette-awards;Missouri State Silhouette Awards;CD900MO;no;1;p-7115-frosted-lucite-star-cutout-on-risers-award;CD900MO
CD900MS;p-5828-mississippi-state-silhouette-awards;Mississippi State Silhouette Awards;CD900MS;no;1;p-7115-frosted-lucite-star-cutout-on-risers-award;CD900MS
CD900MT;p-5829-montana-state-silhouette-awards;Montana State Silhouette Awards;CD900MT;no;1;p-7115-frosted-lucite-star-cutout-on-risers-award;CD900MT
CD900NC;p-5830-north-carolina-state-silhouette-awards;North Carolina State Silhouette Awards;CD900NC;no;1;p-7115-frosted-lucite-star-cutout-on-risers-award;CD900NC
CD900ND;p-5831-north-dakota-state-silhouette-awards;North Dakota State Silhouette Awards;CD900ND;no;1;p-7115-frosted-lucite-star-cutout-on-risers-award;CD900ND
CD900NE;p-5832-nebraska-state-silhouette-awards;Nebraska State Silhouette Awards;CD900NE;no;1;p-7115-frosted-lucite-star-cutout-on-risers-award;CD900NE
CD900NH;p-5833-new-hampshire-state-silhouette-awards;New Hampshire State Silhouette Awards;CD900NH;no;1;p-7115-frosted-lucite-star-cutout-on-risers-award;CD900NH
CD900NJ;p-5834-new-jersey-state-silhouette-awards;New Jersey State Silhouette Awards;CD900NJ;no;1;p-7115-frosted-lucite-star-cutout-on-risers-award;CD900NJ
CD900NM;p-5835-new-mexico-state-silhouette-awards;New Mexico State Silhouette Awards;CD900NM;no;1;p-7115-frosted-lucite-star-cutout-on-risers-award;CD900NM
CD900NV;p-5836-nevada-state-silhouette-awards;Nevada State Silhouette  Awards;CD900NV;no;1;p-7115-frosted-lucite-star-cutout-on-risers-award;CD900NV
CD900NY;p-5837-new-york-state-silhouette-awards;New York State Silhouette Awards;CD900NY;no;1;p-7115-frosted-lucite-star-cutout-on-risers-award;CD900NY
CD900OH;p-5838-ohio-state-silhouette-awards;Ohio State Silhouette Awards;CD900OH;no;1;p-7115-frosted-lucite-star-cutout-on-risers-award;CD900OH
CD900OK;p-5839-oklahoma-state-silhouette-awards;Oklahoma State Silhouette Awards;CD900OK;no;1;p-7115-frosted-lucite-star-cutout-on-risers-award;CD900OK
CD900OR;p-5843-oregon-state-silhouette-awards;Oregon State Silhouette Awards;CD900OR;no;1;p-7115-frosted-lucite-star-cutout-on-risers-award;CD900OR
CD900OVAL;p-5844-frosted-lucite-oval-cutout-on-risers-award;Frosted Lucite Oval Cutout on Risers Award;CD900OVAL;no;1;p-7115-frosted-lucite-star-cutout-on-risers-award;CD900OVAL
CD900PA;p-5845-pennsylvania-state-silhouette-awards;Pennsylvania State Silhouette Awards;CD900PA;no;1;p-7115-frosted-lucite-star-cutout-on-risers-award;CD900PA
CD900RI;p-5846-rhode-island-state-silhouette-awards;Rhode Island State Silhouette Awards;CD900RI;no;1;p-7115-frosted-lucite-star-cutout-on-risers-award;CD900RI
CD900SC;p-5847-south-carolina-state-silhouette-awards;South Carolina State Silhouette Awards;CD900SC;no;1;p-7115-frosted-lucite-star-cutout-on-risers-award;CD900SC
CD900SD;p-5848-south-dakota-state-silhouette-awards;South Dakota State Silhouette Awards;CD900SD;no;1;p-7115-frosted-lucite-star-cutout-on-risers-award;CD900SD
CD900IL;p-5849-illinois-state-shaped-award-award;Illinois State Shaped Award Award;CD900IL;no;1;p-7115-frosted-lucite-star-cutout-on-risers-award;CD900IL
CD900TN;p-5850-tennessee-state-silhouette-awards;Tennessee State Silhouette Awards;CD900TN;no;1;p-7115-frosted-lucite-star-cutout-on-risers-award;CD900TN
CD900TX;p-5851-texas-state-silhouette-awards;Texas State Silhouette Awards;CD900TX;no;1;p-7115-frosted-lucite-star-cutout-on-risers-award;CD900TX
CD900UT;p-5852-utah-state-silhouette-awards;Utah State Silhouette Awards;CD900UT;no;1;p-7115-frosted-lucite-star-cutout-on-risers-award;CD900UT
CD900VA;p-5853-virginia-state-silhouette-awards;Virginia State Silhouette Awards;CD900VA;no;1;p-7115-frosted-lucite-star-cutout-on-risers-award;CD900VA
CD900VT;p-5854-vermont-state-silhouette-awards;Vermont State Silhouette Awards;CD900VT;no;1;p-7115-frosted-lucite-star-cutout-on-risers-award;CD900VT
CD900WA;p-5855-washington-state-silhouette-awards;Washington State Silhouette Awards;CD900WA;no;1;p-7115-frosted-lucite-star-cutout-on-risers-award;CD900WA
CD900WI;p-5856-wisconsin-state-silhouette-awards;Wisconsin State Silhouette Awards;CD900WI;no;1;p-7115-frosted-lucite-star-cutout-on-risers-award;CD900WI
CD900WV;p-5857-west-virginia-state-silhouette-awards;West Virginia State Silhouette Awards;CD900WV;no;1;p-7115-frosted-lucite-star-cutout-on-risers-award;CD900WV
CD900WY;p-5858-wyoming-state-silhouette-awards;Wyoming State Silhouette Awards;CD900WY;no;1;p-7115-frosted-lucite-star-cutout-on-risers-award;CD900WY
C6801GO;p-5890-lucite-riser-plaque-with-choice-of-plate;Lucite Riser Plaque with Choice Of Plate;C6801GO;no;1;p-6241-silver-lucite-riser-plaque;C6801GO C6802GO
C6802GO;p-5890-lucite-riser-plaque-with-choice-of-plate;Lucite Riser Plaque with Choice Of Plate;C6801GO;no;1;p-6241-silver-lucite-riser-plaque;C6801GO C6802GO
CA21CXB;p-5900-gold-star-power-sculptured-lucite-small;Gold Star Power Sculptured Lucite Small;CA21CXG;si;3;p-5517-blue-star-power-sculptured-lucite-award | p-5516-blue-star-power-sculptured-lucite-award-trophy;CA21CXG CA21CXC CA21CXB
CA21CXC;p-5900-gold-star-power-sculptured-lucite-small;Gold Star Power Sculptured Lucite Small;CA21CXG;si;3;p-5609-clear-star-power-sculptured-lucite-large;CA21CXG CA21CXC CA21CXB
CA21AXB;p-5901-gold-star-power-sculptured-lucite-award;Gold Star Power Sculptured Lucite Award;CA21AXG;si;6;p-5517-blue-star-power-sculptured-lucite-award;CA21AXG CA21BXG CA21AXC CA21AXB CA21BXC CA21BXB
CA21AXC;p-5901-gold-star-power-sculptured-lucite-award;Gold Star Power Sculptured Lucite Award;CA21AXG;si;6;p-5610-clear-star-power-sculptured-lucite-award;CA21AXG CA21BXG CA21AXC CA21AXB CA21BXC CA21BXB
CA21BXB;p-5901-gold-star-power-sculptured-lucite-award;Gold Star Power Sculptured Lucite Award;CA21AXG;si;6;p-5517-blue-star-power-sculptured-lucite-award;CA21AXG CA21BXG CA21AXC CA21AXB CA21BXC CA21BXB
CA21BXC;p-5901-gold-star-power-sculptured-lucite-award;Gold Star Power Sculptured Lucite Award;CA21AXG;si;6;p-5610-clear-star-power-sculptured-lucite-award;CA21AXG CA21BXG CA21AXC CA21AXB CA21BXC CA21BXB
C1407LG;p-5911-green-diamond-carved-octagon-plaque;Green Diamond Carved Octagon Plaque;C1407LG;no;1;p-8715-blue-diamond-carve-lucite-octagon-plaque;C1407LG
C1407LR;p-6200-red-diamond-carve-lucite-octagon-plaque;Red Diamond Carve Lucite Octagon Plaque;C1407LR;no;1;p-8715-blue-diamond-carve-lucite-octagon-plaque;C1407LR
C6801GO;p-6241-silver-lucite-riser-plaque;Silver Lucite Riser Plaque;C6801S;si;4;p-5890-lucite-riser-plaque-with-choice-of-plate;C6801S C6802S C6801GO C6802GO
C6802GO;p-6241-silver-lucite-riser-plaque;Silver Lucite Riser Plaque;C6801S;si;4;p-5890-lucite-riser-plaque-with-choice-of-plate;C6801S C6802S C6801GO C6802GO
CD121G;p-6268-slide-in-certificate-rosewood-plaque-in-gift-box;Slide-in Certificate Rosewood Plaque in Gift Box;CD121G;no;1;p-6269-slide-in-certificate-rosewood-plaque-in-mailer-box;CD121G
CD121G;p-6269-slide-in-certificate-rosewood-plaque-in-mailer-box;Slide-in Certificate Rosewood Plaque in Mailer Box;CD121M;si;2;p-6268-slide-in-certificate-rosewood-plaque-in-gift-box;CD121M CD121G
GI586BK;p-6317-clear-and-black-crescent-curved-glass-award-trophy;Clear and Black Crescent Curved Glass Award Trophy;GI586BK;no;1;p-8896-two-tone-clear-and-blue-crescent-curved-glass-includes-silver-color;GI586BK
DCC3001CWN;p-6327-walnut-finish-plaque-w-choice-of-plate-board;Walnut Finish Plaque w/ Choice Of Plate & Board;DCC3001CWN;no;1;p-7912-choice-of-digi-medium;DCC3001CWN DCC3001DWN DCC3001EWN
CD900AK;p-7115-frosted-lucite-star-cutout-on-risers-award;Frosted Lucite Star Cutout on Risers Award;CD900STAR;si;53;p-5805-alaska-state-silhouette-awards;CD900STAR CD900IN CD900MO CD900ND CD900NJ CD900CT CD900KS CD900MD CD900MS CD900IA CD900AL CD900CA CD900DE CD900FL CD900AK CD900KY CD900MI CD900MT CD900NE CD900NY CD900UT CD900WA CD900AR CD900SC CD900HI CD900MA CD900ME CD900NC CD900RI CD900SD CD900VA CD900NV CD900OK CD900OVAL CD900PA CD900TX CD900WY CD900AZ CD900TN CD900VT CD900IL CD900LA CD900MN CD900NM CD900OH CD900WI CD900CO CD900GA CD900ID CD900NH CD900OR CD900WV
CD900AL;p-7115-frosted-lucite-star-cutout-on-risers-award;Frosted Lucite Star Cutout on Risers Award;CD900STAR;si;53;p-5806-alabama-state-silhouette-awards;CD900STAR CD900IN CD900MO CD900ND CD900NJ CD900CT CD900KS CD900MD CD900MS CD900IA CD900AL CD900CA CD900DE CD900FL CD900AK CD900KY CD900MI CD900MT CD900NE CD900NY CD900UT CD900WA CD900AR CD900SC CD900HI CD900MA CD900ME CD900NC CD900RI CD900SD CD900VA CD900NV CD900OK CD900OVAL CD900PA CD900TX CD900WY CD900AZ CD900TN CD900VT CD900IL CD900LA CD900MN CD900NM CD900OH CD900WI CD900CO CD900GA CD900ID CD900NH CD900OR CD900WV
CD900AR;p-7115-frosted-lucite-star-cutout-on-risers-award;Frosted Lucite Star Cutout on Risers Award;CD900STAR;si;53;p-5807-arkansas-state-silhouette-awards;CD900STAR CD900IN CD900MO CD900ND CD900NJ CD900CT CD900KS CD900MD CD900MS CD900IA CD900AL CD900CA CD900DE CD900FL CD900AK CD900KY CD900MI CD900MT CD900NE CD900NY CD900UT CD900WA CD900AR CD900SC CD900HI CD900MA CD900ME CD900NC CD900RI CD900SD CD900VA CD900NV CD900OK CD900OVAL CD900PA CD900TX CD900WY CD900AZ CD900TN CD900VT CD900IL CD900LA CD900MN CD900NM CD900OH CD900WI CD900CO CD900GA CD900ID CD900NH CD900OR CD900WV
CD900AZ;p-7115-frosted-lucite-star-cutout-on-risers-award;Frosted Lucite Star Cutout on Risers Award;CD900STAR;si;53;p-5808-arizona-state-silhouette-awards;CD900STAR CD900IN CD900MO CD900ND CD900NJ CD900CT CD900KS CD900MD CD900MS CD900IA CD900AL CD900CA CD900DE CD900FL CD900AK CD900KY CD900MI CD900MT CD900NE CD900NY CD900UT CD900WA CD900AR CD900SC CD900HI CD900MA CD900ME CD900NC CD900RI CD900SD CD900VA CD900NV CD900OK CD900OVAL CD900PA CD900TX CD900WY CD900AZ CD900TN CD900VT CD900IL CD900LA CD900MN CD900NM CD900OH CD900WI CD900CO CD900GA CD900ID CD900NH CD900OR CD900WV
CD900CA;p-7115-frosted-lucite-star-cutout-on-risers-award;Frosted Lucite Star Cutout on Risers Award;CD900STAR;si;53;p-5809-california-state-silhouette-awards;CD900STAR CD900IN CD900MO CD900ND CD900NJ CD900CT CD900KS CD900MD CD900MS CD900IA CD900AL CD900CA CD900DE CD900FL CD900AK CD900KY CD900MI CD900MT CD900NE CD900NY CD900UT CD900WA CD900AR CD900SC CD900HI CD900MA CD900ME CD900NC CD900RI CD900SD CD900VA CD900NV CD900OK CD900OVAL CD900PA CD900TX CD900WY CD900AZ CD900TN CD900VT CD900IL CD900LA CD900MN CD900NM CD900OH CD900WI CD900CO CD900GA CD900ID CD900NH CD900OR CD900WV
CD900CO;p-7115-frosted-lucite-star-cutout-on-risers-award;Frosted Lucite Star Cutout on Risers Award;CD900STAR;si;53;p-5810-colorado-state-silhouette-awards;CD900STAR CD900IN CD900MO CD900ND CD900NJ CD900CT CD900KS CD900MD CD900MS CD900IA CD900AL CD900CA CD900DE CD900FL CD900AK CD900KY CD900MI CD900MT CD900NE CD900NY CD900UT CD900WA CD900AR CD900SC CD900HI CD900MA CD900ME CD900NC CD900RI CD900SD CD900VA CD900NV CD900OK CD900OVAL CD900PA CD900TX CD900WY CD900AZ CD900TN CD900VT CD900IL CD900LA CD900MN CD900NM CD900OH CD900WI CD900CO CD900GA CD900ID CD900NH CD900OR CD900WV
CD900CT;p-7115-frosted-lucite-star-cutout-on-risers-award;Frosted Lucite Star Cutout on Risers Award;CD900STAR;si;53;p-5811-connecticut-state-silhouette-awards;CD900STAR CD900IN CD900MO CD900ND CD900NJ CD900CT CD900KS CD900MD CD900MS CD900IA CD900AL CD900CA CD900DE CD900FL CD900AK CD900KY CD900MI CD900MT CD900NE CD900NY CD900UT CD900WA CD900AR CD900SC CD900HI CD900MA CD900ME CD900NC CD900RI CD900SD CD900VA CD900NV CD900OK CD900OVAL CD900PA CD900TX CD900WY CD900AZ CD900TN CD900VT CD900IL CD900LA CD900MN CD900NM CD900OH CD900WI CD900CO CD900GA CD900ID CD900NH CD900OR CD900WV
CD900DE;p-7115-frosted-lucite-star-cutout-on-risers-award;Frosted Lucite Star Cutout on Risers Award;CD900STAR;si;53;p-5812-delaware-state-silhouette-awards;CD900STAR CD900IN CD900MO CD900ND CD900NJ CD900CT CD900KS CD900MD CD900MS CD900IA CD900AL CD900CA CD900DE CD900FL CD900AK CD900KY CD900MI CD900MT CD900NE CD900NY CD900UT CD900WA CD900AR CD900SC CD900HI CD900MA CD900ME CD900NC CD900RI CD900SD CD900VA CD900NV CD900OK CD900OVAL CD900PA CD900TX CD900WY CD900AZ CD900TN CD900VT CD900IL CD900LA CD900MN CD900NM CD900OH CD900WI CD900CO CD900GA CD900ID CD900NH CD900OR CD900WV
CD900FL;p-7115-frosted-lucite-star-cutout-on-risers-award;Frosted Lucite Star Cutout on Risers Award;CD900STAR;si;53;p-5813-florida-state-silhouette-awards;CD900STAR CD900IN CD900MO CD900ND CD900NJ CD900CT CD900KS CD900MD CD900MS CD900IA CD900AL CD900CA CD900DE CD900FL CD900AK CD900KY CD900MI CD900MT CD900NE CD900NY CD900UT CD900WA CD900AR CD900SC CD900HI CD900MA CD900ME CD900NC CD900RI CD900SD CD900VA CD900NV CD900OK CD900OVAL CD900PA CD900TX CD900WY CD900AZ CD900TN CD900VT CD900IL CD900LA CD900MN CD900NM CD900OH CD900WI CD900CO CD900GA CD900ID CD900NH CD900OR CD900WV
CD900GA;p-7115-frosted-lucite-star-cutout-on-risers-award;Frosted Lucite Star Cutout on Risers Award;CD900STAR;si;53;p-5814-georgia-state-silhouette-awards;CD900STAR CD900IN CD900MO CD900ND CD900NJ CD900CT CD900KS CD900MD CD900MS CD900IA CD900AL CD900CA CD900DE CD900FL CD900AK CD900KY CD900MI CD900MT CD900NE CD900NY CD900UT CD900WA CD900AR CD900SC CD900HI CD900MA CD900ME CD900NC CD900RI CD900SD CD900VA CD900NV CD900OK CD900OVAL CD900PA CD900TX CD900WY CD900AZ CD900TN CD900VT CD900IL CD900LA CD900MN CD900NM CD900OH CD900WI CD900CO CD900GA CD900ID CD900NH CD900OR CD900WV
CD900HI;p-7115-frosted-lucite-star-cutout-on-risers-award;Frosted Lucite Star Cutout on Risers Award;CD900STAR;si;53;p-5815-hawaii-state-silhouette-awards;CD900STAR CD900IN CD900MO CD900ND CD900NJ CD900CT CD900KS CD900MD CD900MS CD900IA CD900AL CD900CA CD900DE CD900FL CD900AK CD900KY CD900MI CD900MT CD900NE CD900NY CD900UT CD900WA CD900AR CD900SC CD900HI CD900MA CD900ME CD900NC CD900RI CD900SD CD900VA CD900NV CD900OK CD900OVAL CD900PA CD900TX CD900WY CD900AZ CD900TN CD900VT CD900IL CD900LA CD900MN CD900NM CD900OH CD900WI CD900CO CD900GA CD900ID CD900NH CD900OR CD900WV
CD900IA;p-7115-frosted-lucite-star-cutout-on-risers-award;Frosted Lucite Star Cutout on Risers Award;CD900STAR;si;53;p-5816-iowa-state-silhouette-awards;CD900STAR CD900IN CD900MO CD900ND CD900NJ CD900CT CD900KS CD900MD CD900MS CD900IA CD900AL CD900CA CD900DE CD900FL CD900AK CD900KY CD900MI CD900MT CD900NE CD900NY CD900UT CD900WA CD900AR CD900SC CD900HI CD900MA CD900ME CD900NC CD900RI CD900SD CD900VA CD900NV CD900OK CD900OVAL CD900PA CD900TX CD900WY CD900AZ CD900TN CD900VT CD900IL CD900LA CD900MN CD900NM CD900OH CD900WI CD900CO CD900GA CD900ID CD900NH CD900OR CD900WV
CD900ID;p-7115-frosted-lucite-star-cutout-on-risers-award;Frosted Lucite Star Cutout on Risers Award;CD900STAR;si;53;p-5817-idaho-state-sillhouette-awards;CD900STAR CD900IN CD900MO CD900ND CD900NJ CD900CT CD900KS CD900MD CD900MS CD900IA CD900AL CD900CA CD900DE CD900FL CD900AK CD900KY CD900MI CD900MT CD900NE CD900NY CD900UT CD900WA CD900AR CD900SC CD900HI CD900MA CD900ME CD900NC CD900RI CD900SD CD900VA CD900NV CD900OK CD900OVAL CD900PA CD900TX CD900WY CD900AZ CD900TN CD900VT CD900IL CD900LA CD900MN CD900NM CD900OH CD900WI CD900CO CD900GA CD900ID CD900NH CD900OR CD900WV
CD900IL;p-7115-frosted-lucite-star-cutout-on-risers-award;Frosted Lucite Star Cutout on Risers Award;CD900STAR;si;53;p-5849-illinois-state-shaped-award-award;CD900STAR CD900IN CD900MO CD900ND CD900NJ CD900CT CD900KS CD900MD CD900MS CD900IA CD900AL CD900CA CD900DE CD900FL CD900AK CD900KY CD900MI CD900MT CD900NE CD900NY CD900UT CD900WA CD900AR CD900SC CD900HI CD900MA CD900ME CD900NC CD900RI CD900SD CD900VA CD900NV CD900OK CD900OVAL CD900PA CD900TX CD900WY CD900AZ CD900TN CD900VT CD900IL CD900LA CD900MN CD900NM CD900OH CD900WI CD900CO CD900GA CD900ID CD900NH CD900OR CD900WV
CD900IN;p-7115-frosted-lucite-star-cutout-on-risers-award;Frosted Lucite Star Cutout on Risers Award;CD900STAR;si;53;p-5818-indiana-state-silhouette-awards;CD900STAR CD900IN CD900MO CD900ND CD900NJ CD900CT CD900KS CD900MD CD900MS CD900IA CD900AL CD900CA CD900DE CD900FL CD900AK CD900KY CD900MI CD900MT CD900NE CD900NY CD900UT CD900WA CD900AR CD900SC CD900HI CD900MA CD900ME CD900NC CD900RI CD900SD CD900VA CD900NV CD900OK CD900OVAL CD900PA CD900TX CD900WY CD900AZ CD900TN CD900VT CD900IL CD900LA CD900MN CD900NM CD900OH CD900WI CD900CO CD900GA CD900ID CD900NH CD900OR CD900WV
CD900KS;p-7115-frosted-lucite-star-cutout-on-risers-award;Frosted Lucite Star Cutout on Risers Award;CD900STAR;si;53;p-5819-kansas-state-silhouette-awards;CD900STAR CD900IN CD900MO CD900ND CD900NJ CD900CT CD900KS CD900MD CD900MS CD900IA CD900AL CD900CA CD900DE CD900FL CD900AK CD900KY CD900MI CD900MT CD900NE CD900NY CD900UT CD900WA CD900AR CD900SC CD900HI CD900MA CD900ME CD900NC CD900RI CD900SD CD900VA CD900NV CD900OK CD900OVAL CD900PA CD900TX CD900WY CD900AZ CD900TN CD900VT CD900IL CD900LA CD900MN CD900NM CD900OH CD900WI CD900CO CD900GA CD900ID CD900NH CD900OR CD900WV
CD900KY;p-7115-frosted-lucite-star-cutout-on-risers-award;Frosted Lucite Star Cutout on Risers Award;CD900STAR;si;53;p-5820-kentucky-state-silhouette-awards;CD900STAR CD900IN CD900MO CD900ND CD900NJ CD900CT CD900KS CD900MD CD900MS CD900IA CD900AL CD900CA CD900DE CD900FL CD900AK CD900KY CD900MI CD900MT CD900NE CD900NY CD900UT CD900WA CD900AR CD900SC CD900HI CD900MA CD900ME CD900NC CD900RI CD900SD CD900VA CD900NV CD900OK CD900OVAL CD900PA CD900TX CD900WY CD900AZ CD900TN CD900VT CD900IL CD900LA CD900MN CD900NM CD900OH CD900WI CD900CO CD900GA CD900ID CD900NH CD900OR CD900WV
CD900LA;p-7115-frosted-lucite-star-cutout-on-risers-award;Frosted Lucite Star Cutout on Risers Award;CD900STAR;si;53;p-5821-louisiana-state-silhouette-awards;CD900STAR CD900IN CD900MO CD900ND CD900NJ CD900CT CD900KS CD900MD CD900MS CD900IA CD900AL CD900CA CD900DE CD900FL CD900AK CD900KY CD900MI CD900MT CD900NE CD900NY CD900UT CD900WA CD900AR CD900SC CD900HI CD900MA CD900ME CD900NC CD900RI CD900SD CD900VA CD900NV CD900OK CD900OVAL CD900PA CD900TX CD900WY CD900AZ CD900TN CD900VT CD900IL CD900LA CD900MN CD900NM CD900OH CD900WI CD900CO CD900GA CD900ID CD900NH CD900OR CD900WV
CD900MA;p-7115-frosted-lucite-star-cutout-on-risers-award;Frosted Lucite Star Cutout on Risers Award;CD900STAR;si;53;p-5822-massachusetts-state-silhouette-awards;CD900STAR CD900IN CD900MO CD900ND CD900NJ CD900CT CD900KS CD900MD CD900MS CD900IA CD900AL CD900CA CD900DE CD900FL CD900AK CD900KY CD900MI CD900MT CD900NE CD900NY CD900UT CD900WA CD900AR CD900SC CD900HI CD900MA CD900ME CD900NC CD900RI CD900SD CD900VA CD900NV CD900OK CD900OVAL CD900PA CD900TX CD900WY CD900AZ CD900TN CD900VT CD900IL CD900LA CD900MN CD900NM CD900OH CD900WI CD900CO CD900GA CD900ID CD900NH CD900OR CD900WV
CD900MD;p-7115-frosted-lucite-star-cutout-on-risers-award;Frosted Lucite Star Cutout on Risers Award;CD900STAR;si;53;p-5823-maryland-state-silhouette-awards;CD900STAR CD900IN CD900MO CD900ND CD900NJ CD900CT CD900KS CD900MD CD900MS CD900IA CD900AL CD900CA CD900DE CD900FL CD900AK CD900KY CD900MI CD900MT CD900NE CD900NY CD900UT CD900WA CD900AR CD900SC CD900HI CD900MA CD900ME CD900NC CD900RI CD900SD CD900VA CD900NV CD900OK CD900OVAL CD900PA CD900TX CD900WY CD900AZ CD900TN CD900VT CD900IL CD900LA CD900MN CD900NM CD900OH CD900WI CD900CO CD900GA CD900ID CD900NH CD900OR CD900WV
CD900ME;p-7115-frosted-lucite-star-cutout-on-risers-award;Frosted Lucite Star Cutout on Risers Award;CD900STAR;si;53;p-5824-maine-state-silhouette-awards;CD900STAR CD900IN CD900MO CD900ND CD900NJ CD900CT CD900KS CD900MD CD900MS CD900IA CD900AL CD900CA CD900DE CD900FL CD900AK CD900KY CD900MI CD900MT CD900NE CD900NY CD900UT CD900WA CD900AR CD900SC CD900HI CD900MA CD900ME CD900NC CD900RI CD900SD CD900VA CD900NV CD900OK CD900OVAL CD900PA CD900TX CD900WY CD900AZ CD900TN CD900VT CD900IL CD900LA CD900MN CD900NM CD900OH CD900WI CD900CO CD900GA CD900ID CD900NH CD900OR CD900WV
CD900MI;p-7115-frosted-lucite-star-cutout-on-risers-award;Frosted Lucite Star Cutout on Risers Award;CD900STAR;si;53;p-5825-michigan-state-silhouette-awards;CD900STAR CD900IN CD900MO CD900ND CD900NJ CD900CT CD900KS CD900MD CD900MS CD900IA CD900AL CD900CA CD900DE CD900FL CD900AK CD900KY CD900MI CD900MT CD900NE CD900NY CD900UT CD900WA CD900AR CD900SC CD900HI CD900MA CD900ME CD900NC CD900RI CD900SD CD900VA CD900NV CD900OK CD900OVAL CD900PA CD900TX CD900WY CD900AZ CD900TN CD900VT CD900IL CD900LA CD900MN CD900NM CD900OH CD900WI CD900CO CD900GA CD900ID CD900NH CD900OR CD900WV
CD900MN;p-7115-frosted-lucite-star-cutout-on-risers-award;Frosted Lucite Star Cutout on Risers Award;CD900STAR;si;53;p-5826-minnesota-state-silhouette-awards;CD900STAR CD900IN CD900MO CD900ND CD900NJ CD900CT CD900KS CD900MD CD900MS CD900IA CD900AL CD900CA CD900DE CD900FL CD900AK CD900KY CD900MI CD900MT CD900NE CD900NY CD900UT CD900WA CD900AR CD900SC CD900HI CD900MA CD900ME CD900NC CD900RI CD900SD CD900VA CD900NV CD900OK CD900OVAL CD900PA CD900TX CD900WY CD900AZ CD900TN CD900VT CD900IL CD900LA CD900MN CD900NM CD900OH CD900WI CD900CO CD900GA CD900ID CD900NH CD900OR CD900WV
CD900MO;p-7115-frosted-lucite-star-cutout-on-risers-award;Frosted Lucite Star Cutout on Risers Award;CD900STAR;si;53;p-5827-missouri-state-silhouette-awards;CD900STAR CD900IN CD900MO CD900ND CD900NJ CD900CT CD900KS CD900MD CD900MS CD900IA CD900AL CD900CA CD900DE CD900FL CD900AK CD900KY CD900MI CD900MT CD900NE CD900NY CD900UT CD900WA CD900AR CD900SC CD900HI CD900MA CD900ME CD900NC CD900RI CD900SD CD900VA CD900NV CD900OK CD900OVAL CD900PA CD900TX CD900WY CD900AZ CD900TN CD900VT CD900IL CD900LA CD900MN CD900NM CD900OH CD900WI CD900CO CD900GA CD900ID CD900NH CD900OR CD900WV
CD900MS;p-7115-frosted-lucite-star-cutout-on-risers-award;Frosted Lucite Star Cutout on Risers Award;CD900STAR;si;53;p-5828-mississippi-state-silhouette-awards;CD900STAR CD900IN CD900MO CD900ND CD900NJ CD900CT CD900KS CD900MD CD900MS CD900IA CD900AL CD900CA CD900DE CD900FL CD900AK CD900KY CD900MI CD900MT CD900NE CD900NY CD900UT CD900WA CD900AR CD900SC CD900HI CD900MA CD900ME CD900NC CD900RI CD900SD CD900VA CD900NV CD900OK CD900OVAL CD900PA CD900TX CD900WY CD900AZ CD900TN CD900VT CD900IL CD900LA CD900MN CD900NM CD900OH CD900WI CD900CO CD900GA CD900ID CD900NH CD900OR CD900WV
CD900MT;p-7115-frosted-lucite-star-cutout-on-risers-award;Frosted Lucite Star Cutout on Risers Award;CD900STAR;si;53;p-5829-montana-state-silhouette-awards;CD900STAR CD900IN CD900MO CD900ND CD900NJ CD900CT CD900KS CD900MD CD900MS CD900IA CD900AL CD900CA CD900DE CD900FL CD900AK CD900KY CD900MI CD900MT CD900NE CD900NY CD900UT CD900WA CD900AR CD900SC CD900HI CD900MA CD900ME CD900NC CD900RI CD900SD CD900VA CD900NV CD900OK CD900OVAL CD900PA CD900TX CD900WY CD900AZ CD900TN CD900VT CD900IL CD900LA CD900MN CD900NM CD900OH CD900WI CD900CO CD900GA CD900ID CD900NH CD900OR CD900WV
CD900NC;p-7115-frosted-lucite-star-cutout-on-risers-award;Frosted Lucite Star Cutout on Risers Award;CD900STAR;si;53;p-5830-north-carolina-state-silhouette-awards;CD900STAR CD900IN CD900MO CD900ND CD900NJ CD900CT CD900KS CD900MD CD900MS CD900IA CD900AL CD900CA CD900DE CD900FL CD900AK CD900KY CD900MI CD900MT CD900NE CD900NY CD900UT CD900WA CD900AR CD900SC CD900HI CD900MA CD900ME CD900NC CD900RI CD900SD CD900VA CD900NV CD900OK CD900OVAL CD900PA CD900TX CD900WY CD900AZ CD900TN CD900VT CD900IL CD900LA CD900MN CD900NM CD900OH CD900WI CD900CO CD900GA CD900ID CD900NH CD900OR CD900WV
CD900ND;p-7115-frosted-lucite-star-cutout-on-risers-award;Frosted Lucite Star Cutout on Risers Award;CD900STAR;si;53;p-5831-north-dakota-state-silhouette-awards;CD900STAR CD900IN CD900MO CD900ND CD900NJ CD900CT CD900KS CD900MD CD900MS CD900IA CD900AL CD900CA CD900DE CD900FL CD900AK CD900KY CD900MI CD900MT CD900NE CD900NY CD900UT CD900WA CD900AR CD900SC CD900HI CD900MA CD900ME CD900NC CD900RI CD900SD CD900VA CD900NV CD900OK CD900OVAL CD900PA CD900TX CD900WY CD900AZ CD900TN CD900VT CD900IL CD900LA CD900MN CD900NM CD900OH CD900WI CD900CO CD900GA CD900ID CD900NH CD900OR CD900WV
CD900NE;p-7115-frosted-lucite-star-cutout-on-risers-award;Frosted Lucite Star Cutout on Risers Award;CD900STAR;si;53;p-5832-nebraska-state-silhouette-awards;CD900STAR CD900IN CD900MO CD900ND CD900NJ CD900CT CD900KS CD900MD CD900MS CD900IA CD900AL CD900CA CD900DE CD900FL CD900AK CD900KY CD900MI CD900MT CD900NE CD900NY CD900UT CD900WA CD900AR CD900SC CD900HI CD900MA CD900ME CD900NC CD900RI CD900SD CD900VA CD900NV CD900OK CD900OVAL CD900PA CD900TX CD900WY CD900AZ CD900TN CD900VT CD900IL CD900LA CD900MN CD900NM CD900OH CD900WI CD900CO CD900GA CD900ID CD900NH CD900OR CD900WV
CD900NH;p-7115-frosted-lucite-star-cutout-on-risers-award;Frosted Lucite Star Cutout on Risers Award;CD900STAR;si;53;p-5833-new-hampshire-state-silhouette-awards;CD900STAR CD900IN CD900MO CD900ND CD900NJ CD900CT CD900KS CD900MD CD900MS CD900IA CD900AL CD900CA CD900DE CD900FL CD900AK CD900KY CD900MI CD900MT CD900NE CD900NY CD900UT CD900WA CD900AR CD900SC CD900HI CD900MA CD900ME CD900NC CD900RI CD900SD CD900VA CD900NV CD900OK CD900OVAL CD900PA CD900TX CD900WY CD900AZ CD900TN CD900VT CD900IL CD900LA CD900MN CD900NM CD900OH CD900WI CD900CO CD900GA CD900ID CD900NH CD900OR CD900WV
CD900NJ;p-7115-frosted-lucite-star-cutout-on-risers-award;Frosted Lucite Star Cutout on Risers Award;CD900STAR;si;53;p-5834-new-jersey-state-silhouette-awards;CD900STAR CD900IN CD900MO CD900ND CD900NJ CD900CT CD900KS CD900MD CD900MS CD900IA CD900AL CD900CA CD900DE CD900FL CD900AK CD900KY CD900MI CD900MT CD900NE CD900NY CD900UT CD900WA CD900AR CD900SC CD900HI CD900MA CD900ME CD900NC CD900RI CD900SD CD900VA CD900NV CD900OK CD900OVAL CD900PA CD900TX CD900WY CD900AZ CD900TN CD900VT CD900IL CD900LA CD900MN CD900NM CD900OH CD900WI CD900CO CD900GA CD900ID CD900NH CD900OR CD900WV
CD900NM;p-7115-frosted-lucite-star-cutout-on-risers-award;Frosted Lucite Star Cutout on Risers Award;CD900STAR;si;53;p-5835-new-mexico-state-silhouette-awards;CD900STAR CD900IN CD900MO CD900ND CD900NJ CD900CT CD900KS CD900MD CD900MS CD900IA CD900AL CD900CA CD900DE CD900FL CD900AK CD900KY CD900MI CD900MT CD900NE CD900NY CD900UT CD900WA CD900AR CD900SC CD900HI CD900MA CD900ME CD900NC CD900RI CD900SD CD900VA CD900NV CD900OK CD900OVAL CD900PA CD900TX CD900WY CD900AZ CD900TN CD900VT CD900IL CD900LA CD900MN CD900NM CD900OH CD900WI CD900CO CD900GA CD900ID CD900NH CD900OR CD900WV
CD900NV;p-7115-frosted-lucite-star-cutout-on-risers-award;Frosted Lucite Star Cutout on Risers Award;CD900STAR;si;53;p-5836-nevada-state-silhouette-awards;CD900STAR CD900IN CD900MO CD900ND CD900NJ CD900CT CD900KS CD900MD CD900MS CD900IA CD900AL CD900CA CD900DE CD900FL CD900AK CD900KY CD900MI CD900MT CD900NE CD900NY CD900UT CD900WA CD900AR CD900SC CD900HI CD900MA CD900ME CD900NC CD900RI CD900SD CD900VA CD900NV CD900OK CD900OVAL CD900PA CD900TX CD900WY CD900AZ CD900TN CD900VT CD900IL CD900LA CD900MN CD900NM CD900OH CD900WI CD900CO CD900GA CD900ID CD900NH CD900OR CD900WV
CD900NY;p-7115-frosted-lucite-star-cutout-on-risers-award;Frosted Lucite Star Cutout on Risers Award;CD900STAR;si;53;p-5837-new-york-state-silhouette-awards;CD900STAR CD900IN CD900MO CD900ND CD900NJ CD900CT CD900KS CD900MD CD900MS CD900IA CD900AL CD900CA CD900DE CD900FL CD900AK CD900KY CD900MI CD900MT CD900NE CD900NY CD900UT CD900WA CD900AR CD900SC CD900HI CD900MA CD900ME CD900NC CD900RI CD900SD CD900VA CD900NV CD900OK CD900OVAL CD900PA CD900TX CD900WY CD900AZ CD900TN CD900VT CD900IL CD900LA CD900MN CD900NM CD900OH CD900WI CD900CO CD900GA CD900ID CD900NH CD900OR CD900WV
CD900OH;p-7115-frosted-lucite-star-cutout-on-risers-award;Frosted Lucite Star Cutout on Risers Award;CD900STAR;si;53;p-5838-ohio-state-silhouette-awards;CD900STAR CD900IN CD900MO CD900ND CD900NJ CD900CT CD900KS CD900MD CD900MS CD900IA CD900AL CD900CA CD900DE CD900FL CD900AK CD900KY CD900MI CD900MT CD900NE CD900NY CD900UT CD900WA CD900AR CD900SC CD900HI CD900MA CD900ME CD900NC CD900RI CD900SD CD900VA CD900NV CD900OK CD900OVAL CD900PA CD900TX CD900WY CD900AZ CD900TN CD900VT CD900IL CD900LA CD900MN CD900NM CD900OH CD900WI CD900CO CD900GA CD900ID CD900NH CD900OR CD900WV
CD900OK;p-7115-frosted-lucite-star-cutout-on-risers-award;Frosted Lucite Star Cutout on Risers Award;CD900STAR;si;53;p-5839-oklahoma-state-silhouette-awards;CD900STAR CD900IN CD900MO CD900ND CD900NJ CD900CT CD900KS CD900MD CD900MS CD900IA CD900AL CD900CA CD900DE CD900FL CD900AK CD900KY CD900MI CD900MT CD900NE CD900NY CD900UT CD900WA CD900AR CD900SC CD900HI CD900MA CD900ME CD900NC CD900RI CD900SD CD900VA CD900NV CD900OK CD900OVAL CD900PA CD900TX CD900WY CD900AZ CD900TN CD900VT CD900IL CD900LA CD900MN CD900NM CD900OH CD900WI CD900CO CD900GA CD900ID CD900NH CD900OR CD900WV
CD900OR;p-7115-frosted-lucite-star-cutout-on-risers-award;Frosted Lucite Star Cutout on Risers Award;CD900STAR;si;53;p-5843-oregon-state-silhouette-awards;CD900STAR CD900IN CD900MO CD900ND CD900NJ CD900CT CD900KS CD900MD CD900MS CD900IA CD900AL CD900CA CD900DE CD900FL CD900AK CD900KY CD900MI CD900MT CD900NE CD900NY CD900UT CD900WA CD900AR CD900SC CD900HI CD900MA CD900ME CD900NC CD900RI CD900SD CD900VA CD900NV CD900OK CD900OVAL CD900PA CD900TX CD900WY CD900AZ CD900TN CD900VT CD900IL CD900LA CD900MN CD900NM CD900OH CD900WI CD900CO CD900GA CD900ID CD900NH CD900OR CD900WV
CD900OVAL;p-7115-frosted-lucite-star-cutout-on-risers-award;Frosted Lucite Star Cutout on Risers Award;CD900STAR;si;53;p-5844-frosted-lucite-oval-cutout-on-risers-award;CD900STAR CD900IN CD900MO CD900ND CD900NJ CD900CT CD900KS CD900MD CD900MS CD900IA CD900AL CD900CA CD900DE CD900FL CD900AK CD900KY CD900MI CD900MT CD900NE CD900NY CD900UT CD900WA CD900AR CD900SC CD900HI CD900MA CD900ME CD900NC CD900RI CD900SD CD900VA CD900NV CD900OK CD900OVAL CD900PA CD900TX CD900WY CD900AZ CD900TN CD900VT CD900IL CD900LA CD900MN CD900NM CD900OH CD900WI CD900CO CD900GA CD900ID CD900NH CD900OR CD900WV
CD900PA;p-7115-frosted-lucite-star-cutout-on-risers-award;Frosted Lucite Star Cutout on Risers Award;CD900STAR;si;53;p-5845-pennsylvania-state-silhouette-awards;CD900STAR CD900IN CD900MO CD900ND CD900NJ CD900CT CD900KS CD900MD CD900MS CD900IA CD900AL CD900CA CD900DE CD900FL CD900AK CD900KY CD900MI CD900MT CD900NE CD900NY CD900UT CD900WA CD900AR CD900SC CD900HI CD900MA CD900ME CD900NC CD900RI CD900SD CD900VA CD900NV CD900OK CD900OVAL CD900PA CD900TX CD900WY CD900AZ CD900TN CD900VT CD900IL CD900LA CD900MN CD900NM CD900OH CD900WI CD900CO CD900GA CD900ID CD900NH CD900OR CD900WV
CD900RI;p-7115-frosted-lucite-star-cutout-on-risers-award;Frosted Lucite Star Cutout on Risers Award;CD900STAR;si;53;p-5846-rhode-island-state-silhouette-awards;CD900STAR CD900IN CD900MO CD900ND CD900NJ CD900CT CD900KS CD900MD CD900MS CD900IA CD900AL CD900CA CD900DE CD900FL CD900AK CD900KY CD900MI CD900MT CD900NE CD900NY CD900UT CD900WA CD900AR CD900SC CD900HI CD900MA CD900ME CD900NC CD900RI CD900SD CD900VA CD900NV CD900OK CD900OVAL CD900PA CD900TX CD900WY CD900AZ CD900TN CD900VT CD900IL CD900LA CD900MN CD900NM CD900OH CD900WI CD900CO CD900GA CD900ID CD900NH CD900OR CD900WV
CD900SC;p-7115-frosted-lucite-star-cutout-on-risers-award;Frosted Lucite Star Cutout on Risers Award;CD900STAR;si;53;p-5847-south-carolina-state-silhouette-awards;CD900STAR CD900IN CD900MO CD900ND CD900NJ CD900CT CD900KS CD900MD CD900MS CD900IA CD900AL CD900CA CD900DE CD900FL CD900AK CD900KY CD900MI CD900MT CD900NE CD900NY CD900UT CD900WA CD900AR CD900SC CD900HI CD900MA CD900ME CD900NC CD900RI CD900SD CD900VA CD900NV CD900OK CD900OVAL CD900PA CD900TX CD900WY CD900AZ CD900TN CD900VT CD900IL CD900LA CD900MN CD900NM CD900OH CD900WI CD900CO CD900GA CD900ID CD900NH CD900OR CD900WV
CD900SD;p-7115-frosted-lucite-star-cutout-on-risers-award;Frosted Lucite Star Cutout on Risers Award;CD900STAR;si;53;p-5848-south-dakota-state-silhouette-awards;CD900STAR CD900IN CD900MO CD900ND CD900NJ CD900CT CD900KS CD900MD CD900MS CD900IA CD900AL CD900CA CD900DE CD900FL CD900AK CD900KY CD900MI CD900MT CD900NE CD900NY CD900UT CD900WA CD900AR CD900SC CD900HI CD900MA CD900ME CD900NC CD900RI CD900SD CD900VA CD900NV CD900OK CD900OVAL CD900PA CD900TX CD900WY CD900AZ CD900TN CD900VT CD900IL CD900LA CD900MN CD900NM CD900OH CD900WI CD900CO CD900GA CD900ID CD900NH CD900OR CD900WV
CD900TN;p-7115-frosted-lucite-star-cutout-on-risers-award;Frosted Lucite Star Cutout on Risers Award;CD900STAR;si;53;p-5850-tennessee-state-silhouette-awards;CD900STAR CD900IN CD900MO CD900ND CD900NJ CD900CT CD900KS CD900MD CD900MS CD900IA CD900AL CD900CA CD900DE CD900FL CD900AK CD900KY CD900MI CD900MT CD900NE CD900NY CD900UT CD900WA CD900AR CD900SC CD900HI CD900MA CD900ME CD900NC CD900RI CD900SD CD900VA CD900NV CD900OK CD900OVAL CD900PA CD900TX CD900WY CD900AZ CD900TN CD900VT CD900IL CD900LA CD900MN CD900NM CD900OH CD900WI CD900CO CD900GA CD900ID CD900NH CD900OR CD900WV
CD900TX;p-7115-frosted-lucite-star-cutout-on-risers-award;Frosted Lucite Star Cutout on Risers Award;CD900STAR;si;53;p-5851-texas-state-silhouette-awards;CD900STAR CD900IN CD900MO CD900ND CD900NJ CD900CT CD900KS CD900MD CD900MS CD900IA CD900AL CD900CA CD900DE CD900FL CD900AK CD900KY CD900MI CD900MT CD900NE CD900NY CD900UT CD900WA CD900AR CD900SC CD900HI CD900MA CD900ME CD900NC CD900RI CD900SD CD900VA CD900NV CD900OK CD900OVAL CD900PA CD900TX CD900WY CD900AZ CD900TN CD900VT CD900IL CD900LA CD900MN CD900NM CD900OH CD900WI CD900CO CD900GA CD900ID CD900NH CD900OR CD900WV
CD900UT;p-7115-frosted-lucite-star-cutout-on-risers-award;Frosted Lucite Star Cutout on Risers Award;CD900STAR;si;53;p-5852-utah-state-silhouette-awards;CD900STAR CD900IN CD900MO CD900ND CD900NJ CD900CT CD900KS CD900MD CD900MS CD900IA CD900AL CD900CA CD900DE CD900FL CD900AK CD900KY CD900MI CD900MT CD900NE CD900NY CD900UT CD900WA CD900AR CD900SC CD900HI CD900MA CD900ME CD900NC CD900RI CD900SD CD900VA CD900NV CD900OK CD900OVAL CD900PA CD900TX CD900WY CD900AZ CD900TN CD900VT CD900IL CD900LA CD900MN CD900NM CD900OH CD900WI CD900CO CD900GA CD900ID CD900NH CD900OR CD900WV
CD900VA;p-7115-frosted-lucite-star-cutout-on-risers-award;Frosted Lucite Star Cutout on Risers Award;CD900STAR;si;53;p-5853-virginia-state-silhouette-awards;CD900STAR CD900IN CD900MO CD900ND CD900NJ CD900CT CD900KS CD900MD CD900MS CD900IA CD900AL CD900CA CD900DE CD900FL CD900AK CD900KY CD900MI CD900MT CD900NE CD900NY CD900UT CD900WA CD900AR CD900SC CD900HI CD900MA CD900ME CD900NC CD900RI CD900SD CD900VA CD900NV CD900OK CD900OVAL CD900PA CD900TX CD900WY CD900AZ CD900TN CD900VT CD900IL CD900LA CD900MN CD900NM CD900OH CD900WI CD900CO CD900GA CD900ID CD900NH CD900OR CD900WV
CD900VT;p-7115-frosted-lucite-star-cutout-on-risers-award;Frosted Lucite Star Cutout on Risers Award;CD900STAR;si;53;p-5854-vermont-state-silhouette-awards;CD900STAR CD900IN CD900MO CD900ND CD900NJ CD900CT CD900KS CD900MD CD900MS CD900IA CD900AL CD900CA CD900DE CD900FL CD900AK CD900KY CD900MI CD900MT CD900NE CD900NY CD900UT CD900WA CD900AR CD900SC CD900HI CD900MA CD900ME CD900NC CD900RI CD900SD CD900VA CD900NV CD900OK CD900OVAL CD900PA CD900TX CD900WY CD900AZ CD900TN CD900VT CD900IL CD900LA CD900MN CD900NM CD900OH CD900WI CD900CO CD900GA CD900ID CD900NH CD900OR CD900WV
CD900WA;p-7115-frosted-lucite-star-cutout-on-risers-award;Frosted Lucite Star Cutout on Risers Award;CD900STAR;si;53;p-5855-washington-state-silhouette-awards;CD900STAR CD900IN CD900MO CD900ND CD900NJ CD900CT CD900KS CD900MD CD900MS CD900IA CD900AL CD900CA CD900DE CD900FL CD900AK CD900KY CD900MI CD900MT CD900NE CD900NY CD900UT CD900WA CD900AR CD900SC CD900HI CD900MA CD900ME CD900NC CD900RI CD900SD CD900VA CD900NV CD900OK CD900OVAL CD900PA CD900TX CD900WY CD900AZ CD900TN CD900VT CD900IL CD900LA CD900MN CD900NM CD900OH CD900WI CD900CO CD900GA CD900ID CD900NH CD900OR CD900WV
CD900WI;p-7115-frosted-lucite-star-cutout-on-risers-award;Frosted Lucite Star Cutout on Risers Award;CD900STAR;si;53;p-5856-wisconsin-state-silhouette-awards;CD900STAR CD900IN CD900MO CD900ND CD900NJ CD900CT CD900KS CD900MD CD900MS CD900IA CD900AL CD900CA CD900DE CD900FL CD900AK CD900KY CD900MI CD900MT CD900NE CD900NY CD900UT CD900WA CD900AR CD900SC CD900HI CD900MA CD900ME CD900NC CD900RI CD900SD CD900VA CD900NV CD900OK CD900OVAL CD900PA CD900TX CD900WY CD900AZ CD900TN CD900VT CD900IL CD900LA CD900MN CD900NM CD900OH CD900WI CD900CO CD900GA CD900ID CD900NH CD900OR CD900WV
CD900WV;p-7115-frosted-lucite-star-cutout-on-risers-award;Frosted Lucite Star Cutout on Risers Award;CD900STAR;si;53;p-5857-west-virginia-state-silhouette-awards;CD900STAR CD900IN CD900MO CD900ND CD900NJ CD900CT CD900KS CD900MD CD900MS CD900IA CD900AL CD900CA CD900DE CD900FL CD900AK CD900KY CD900MI CD900MT CD900NE CD900NY CD900UT CD900WA CD900AR CD900SC CD900HI CD900MA CD900ME CD900NC CD900RI CD900SD CD900VA CD900NV CD900OK CD900OVAL CD900PA CD900TX CD900WY CD900AZ CD900TN CD900VT CD900IL CD900LA CD900MN CD900NM CD900OH CD900WI CD900CO CD900GA CD900ID CD900NH CD900OR CD900WV
CD900WY;p-7115-frosted-lucite-star-cutout-on-risers-award;Frosted Lucite Star Cutout on Risers Award;CD900STAR;si;53;p-5858-wyoming-state-silhouette-awards;CD900STAR CD900IN CD900MO CD900ND CD900NJ CD900CT CD900KS CD900MD CD900MS CD900IA CD900AL CD900CA CD900DE CD900FL CD900AK CD900KY CD900MI CD900MT CD900NE CD900NY CD900UT CD900WA CD900AR CD900SC CD900HI CD900MA CD900ME CD900NC CD900RI CD900SD CD900VA CD900NV CD900OK CD900OVAL CD900PA CD900TX CD900WY CD900AZ CD900TN CD900VT CD900IL CD900LA CD900MN CD900NM CD900OH CD900WI CD900CO CD900GA CD900ID CD900NH CD900OR CD900WV
CD267A;p-7813-38-thick-custom-digi-large;3/8” Thick Custom Digi Large;CD267A;si;2;p-5341-lucite-wall-plaque-with-custom-digi-color-print;CD267A CD267B
DCC3001CWN;p-7912-choice-of-digi-medium;Choice of Digi Medium;DCC3001CEB;si;2;p-6327-walnut-finish-plaque-w-choice-of-plate-board;DCC3001CEB DCC3001CWN
CD943C;p-7915-clear-acrylic-circle-on-clear-base-award;Clear Acrylic Circle on Clear Base Award;CD943A;si;3;p-8731-clear-acrylic-circle-on-clear-base-small;CD943A CD943B CD943C
GI665B;p-7978-diamond-towers-crystal-faceted-block-award;Diamond Towers Crystal Faceted Block Award;GI665A;si;3;p-5694-crystal-faceted-block-tower-award;GI665A GI665B GI665C
GI665C;p-7978-diamond-towers-crystal-faceted-block-award;Diamond Towers Crystal Faceted Block Award;GI665A;si;3;p-5694-crystal-faceted-block-tower-award;GI665A GI665B GI665C
CD953AK;p-7997-frosted-acrylic-ak-state-cutout-on-black-plaque;Frosted Acrylic AK State Cutout on Black Plaque;CD953AK;no;1;p-8046-frosted-acrylic-wy-state-cutout-on-black-plaque;CD953AK
CD953AL;p-7998-frosted-acrylic-al-state-cutout-on-black-plaque;Frosted Acrylic AL State Cutout on Black Plaque;CD953AL;no;1;p-8046-frosted-acrylic-wy-state-cutout-on-black-plaque;CD953AL
CD953AR;p-7999-frosted-acrylic-ar-state-cutout-on-black-plaque;Frosted Acrylic AR State Cutout on Black Plaque;CD953AR;no;1;p-8046-frosted-acrylic-wy-state-cutout-on-black-plaque;CD953AR
CD953AZ;p-8000-frosted-acrylic-az-state-cutout-on-black-plaque;Frosted Acrylic AZ State Cutout on Black Plaque;CD953AZ;no;1;p-8046-frosted-acrylic-wy-state-cutout-on-black-plaque;CD953AZ
CD953CO;p-8002-frosted-acrylic-co-state-cutout-on-black-plaque;Frosted Acrylic CO State Cutout on Black Plaque;CD953CO;no;1;p-8046-frosted-acrylic-wy-state-cutout-on-black-plaque;CD953CO
CD953CT;p-8003-frosted-acrylic-ct-state-cutout-on-black-plaque;Frosted Acrylic CT State Cutout on Black Plaque;CD953CT;no;1;p-8046-frosted-acrylic-wy-state-cutout-on-black-plaque;CD953CT
CD953GA;p-8006-frosted-acrylic-ga-state-cutout-on-black-plaque;Frosted Acrylic GA State Cutout on Black Plaque;CD953GA;no;1;p-8046-frosted-acrylic-wy-state-cutout-on-black-plaque;CD953GA
CD953IA;p-8008-frosted-acrylic-ia-state-cutout-on-black-plaque;Frosted Acrylic IA State Cutout on Black Plaque;CD953IA;no;1;p-8046-frosted-acrylic-wy-state-cutout-on-black-plaque;CD953IA
CD953IL;p-8010-frosted-acrylic-il-state-cutout-on-black-plaque;Frosted Acrylic IL State Cutout on Black Plaque;CD953IL;no;1;p-8046-frosted-acrylic-wy-state-cutout-on-black-plaque;CD953IL
CD953IN;p-8011-frosted-acrylic-in-state-cutout-on-black-plaque;Frosted Acrylic IN State Cutout on Black Plaque;CD953IN;no;1;p-8046-frosted-acrylic-wy-state-cutout-on-black-plaque;CD953IN
CD953KS;p-8012-frosted-acrylic-ks-state-cutout-on-black-plaque;Frosted Acrylic KS State Cutout on Black Plaque;CD953KS;no;1;p-8046-frosted-acrylic-wy-state-cutout-on-black-plaque;CD953KS
CD953KY;p-8013-frosted-acrylic-ky-state-cutout-on-black-plaque;Frosted Acrylic KY State Cutout on Black Plaque;CD953KY;no;1;p-8046-frosted-acrylic-wy-state-cutout-on-black-plaque;CD953KY
CD953LA;p-8014-frosted-acrylic-la-state-cutout-on-black-plaque;Frosted Acrylic LA State Cutout on Black Plaque;CD953LA;no;1;p-8046-frosted-acrylic-wy-state-cutout-on-black-plaque;CD953LA
CD953ME;p-8017-frosted-acrylic-me-state-cutout-on-black-plaque;Frosted Acrylic ME State Cutout on Black Plaque;CD953ME;no;1;p-8046-frosted-acrylic-wy-state-cutout-on-black-plaque;CD953ME
CD953MN;p-8019-frosted-acrylic-mn-state-cutout-on-black-plaque;Frosted Acrylic MN State Cutout on Black Plaque;CD953MN;no;1;p-8046-frosted-acrylic-wy-state-cutout-on-black-plaque;CD953MN
CD953MO;p-8020-frosted-acrylic-mo-state-cutout-on-black-plaque;Frosted Acrylic MO State Cutout on Black Plaque;CD953MO;no;1;p-8046-frosted-acrylic-wy-state-cutout-on-black-plaque;CD953MO
CD953MS;p-8021-frosted-acrylic-ms-state-cutout-on-black-plaque;Frosted Acrylic MS State Cutout on Black Plaque;CD953MS;no;1;p-8046-frosted-acrylic-wy-state-cutout-on-black-plaque;CD953MS
CD953MT;p-8022-frosted-acrylic-mt-state-cutout-on-black-plaque;Frosted Acrylic MT State Cutout on Black Plaque;CD953MT;no;1;p-8046-frosted-acrylic-wy-state-cutout-on-black-plaque;CD953MT
CD953ND;p-8024-frosted-acrylic-nd-state-cutout-on-black-plaque;Frosted Acrylic ND State Cutout on Black Plaque;CD953ND;no;1;p-8046-frosted-acrylic-wy-state-cutout-on-black-plaque;CD953ND
CD953NE;p-8025-frosted-acrylic-ne-state-cutout-on-black-plaque;Frosted Acrylic NE State Cutout on Black Plaque;CD953NE;no;1;p-8046-frosted-acrylic-wy-state-cutout-on-black-plaque;CD953NE
CD953NH;p-8026-frosted-acrylic-nh-state-cutout-on-black-plaque;Frosted Acrylic NH State Cutout on Black Plaque;CD953NH;no;1;p-8046-frosted-acrylic-wy-state-cutout-on-black-plaque;CD953NH
CD953NJ;p-8027-frosted-acrylic-nj-state-cutout-on-black-plaque;Frosted Acrylic NJ State Cutout on Black Plaque;CD953NJ;no;1;p-8046-frosted-acrylic-wy-state-cutout-on-black-plaque;CD953NJ
CD953NM;p-8028-frosted-acrylic-nm-state-cutout-on-black-plaque;Frosted Acrylic NM State Cutout on Black Plaque;CD953NM;no;1;p-8046-frosted-acrylic-wy-state-cutout-on-black-plaque;CD953NM
CD953NV;p-8029-frosted-acrylic-nv-state-cutout-on-black-plaque;Frosted Acrylic NV State Cutout on Black Plaque;CD953NV;no;1;p-8046-frosted-acrylic-wy-state-cutout-on-black-plaque;CD953NV
CD953NY;p-8030-frosted-acrylic-ny-state-cutout-on-black-plaque;Frosted Acrylic NY State Cutout on Black Plaque;CD953NY;no;1;p-8046-frosted-acrylic-wy-state-cutout-on-black-plaque;CD953NY
CD953OH;p-8031-frosted-acrylic-oh-state-cutout-on-black-plaque;Frosted Acrylic OH State Cutout on Black Plaque;CD953OH;no;1;p-8046-frosted-acrylic-wy-state-cutout-on-black-plaque;CD953OH
CD953OK;p-8032-frosted-acrylic-ok-state-cutout-on-black-plaque;Frosted Acrylic OK State Cutout on Black Plaque;CD953OK;no;1;p-8046-frosted-acrylic-wy-state-cutout-on-black-plaque;CD953OK
CD953OR;p-8033-frosted-acrylic-or-state-cutout-on-black-plaque;Frosted Acrylic OR State Cutout on Black Plaque;CD953OR;no;1;p-8046-frosted-acrylic-wy-state-cutout-on-black-plaque;CD953OR
CD953PA;p-8034-frosted-acrylic-pa-state-cutout-on-black-plaque;Frosted Acrylic PA State Cutout on Black Plaque;CD953PA;no;1;p-8046-frosted-acrylic-wy-state-cutout-on-black-plaque;CD953PA
CD953RI;p-8035-frosted-acrylic-ri-state-cutout-on-black-plaque;Frosted Acrylic RI State Cutout on Black Plaque;CD953RI;no;1;p-8046-frosted-acrylic-wy-state-cutout-on-black-plaque;CD953RI
CD953SC;p-8036-frosted-acrylic-sc-state-cutout-on-black-plaque;Frosted Acrylic SC State Cutout on Black Plaque;CD953SC;no;1;p-8046-frosted-acrylic-wy-state-cutout-on-black-plaque;CD953SC
CD953SD;p-8037-frosted-acrylic-sd-state-cutout-on-black-plaque;Frosted Acrylic SD State Cutout on Black Plaque;CD953SD;no;1;p-8046-frosted-acrylic-wy-state-cutout-on-black-plaque;CD953SD
CD953TX;p-8039-frosted-acrylic-tx-state-cutout-on-black-plaque;Frosted Acrylic TX State Cutout on Black Plaque;CD953TX;no;1;p-8046-frosted-acrylic-wy-state-cutout-on-black-plaque;CD953TX
CD953UT;p-8040-frosted-acrylic-ut-state-cutout-on-black-plaque;Frosted Acrylic UT State Cutout on Black Plaque;CD953UT;no;1;p-8046-frosted-acrylic-wy-state-cutout-on-black-plaque;CD953UT
CD953VA;p-8041-frosted-acrylic-va-state-cutout-on-black-plaque;Frosted Acrylic VA State Cutout on Black Plaque;CD953VA;no;1;p-8046-frosted-acrylic-wy-state-cutout-on-black-plaque;CD953VA
CD953VT;p-8042-frosted-acrylic-vt-state-cutout-on-black-plaque;Frosted Acrylic VT State Cutout on Black Plaque;CD953VT;no;1;p-8046-frosted-acrylic-wy-state-cutout-on-black-plaque;CD953VT
CD953WA;p-8043-frosted-acrylic-wa-state-cutout-on-black-plaque;Frosted Acrylic WA State Cutout on Black Plaque;CD953WA;no;1;p-8046-frosted-acrylic-wy-state-cutout-on-black-plaque;CD953WA
CD953WI;p-8044-frosted-acrylic-wi-state-cutout-on-black-plaque;Frosted Acrylic WI State Cutout on Black Plaque;CD953WI;no;1;p-8046-frosted-acrylic-wy-state-cutout-on-black-plaque;CD953WI
CD953WV;p-8045-frosted-acrylic-wv-state-cutout-on-black-plaque;Frosted Acrylic WV State Cutout on Black Plaque;CD953WV;no;1;p-8046-frosted-acrylic-wy-state-cutout-on-black-plaque;CD953WV
CD953AK;p-8046-frosted-acrylic-wy-state-cutout-on-black-plaque;Frosted Acrylic WY State Cutout on Black Plaque;CD953WY;si;51;p-7997-frosted-acrylic-ak-state-cutout-on-black-plaque;CD953WY CD953CT CD953GA CD953IN CD953OK CD953WA CD953IA CD953KY CD953LA CD953NJ CD953AK CD953CO CD953NH CD953PA CD953RI CD953ME CD953MN CD953ND CD953NE CD953OR CD953UT CD953VA CD953TX CD953VT CD953MO CD953AR CD953IL CD953NV CD953SD CD953WV CD953AL CD953MT CD953NY CD953OH CD953WI CD953AZ CD953KS CD953MS CD953NM CD953SC
CD953AL;p-8046-frosted-acrylic-wy-state-cutout-on-black-plaque;Frosted Acrylic WY State Cutout on Black Plaque;CD953WY;si;51;p-7998-frosted-acrylic-al-state-cutout-on-black-plaque;CD953WY CD953CT CD953GA CD953IN CD953OK CD953WA CD953IA CD953KY CD953LA CD953NJ CD953AK CD953CO CD953NH CD953PA CD953RI CD953ME CD953MN CD953ND CD953NE CD953OR CD953UT CD953VA CD953TX CD953VT CD953MO CD953AR CD953IL CD953NV CD953SD CD953WV CD953AL CD953MT CD953NY CD953OH CD953WI CD953AZ CD953KS CD953MS CD953NM CD953SC
CD953AR;p-8046-frosted-acrylic-wy-state-cutout-on-black-plaque;Frosted Acrylic WY State Cutout on Black Plaque;CD953WY;si;51;p-7999-frosted-acrylic-ar-state-cutout-on-black-plaque;CD953WY CD953CT CD953GA CD953IN CD953OK CD953WA CD953IA CD953KY CD953LA CD953NJ CD953AK CD953CO CD953NH CD953PA CD953RI CD953ME CD953MN CD953ND CD953NE CD953OR CD953UT CD953VA CD953TX CD953VT CD953MO CD953AR CD953IL CD953NV CD953SD CD953WV CD953AL CD953MT CD953NY CD953OH CD953WI CD953AZ CD953KS CD953MS CD953NM CD953SC
CD953AZ;p-8046-frosted-acrylic-wy-state-cutout-on-black-plaque;Frosted Acrylic WY State Cutout on Black Plaque;CD953WY;si;51;p-8000-frosted-acrylic-az-state-cutout-on-black-plaque;CD953WY CD953CT CD953GA CD953IN CD953OK CD953WA CD953IA CD953KY CD953LA CD953NJ CD953AK CD953CO CD953NH CD953PA CD953RI CD953ME CD953MN CD953ND CD953NE CD953OR CD953UT CD953VA CD953TX CD953VT CD953MO CD953AR CD953IL CD953NV CD953SD CD953WV CD953AL CD953MT CD953NY CD953OH CD953WI CD953AZ CD953KS CD953MS CD953NM CD953SC
CD953CO;p-8046-frosted-acrylic-wy-state-cutout-on-black-plaque;Frosted Acrylic WY State Cutout on Black Plaque;CD953WY;si;51;p-8002-frosted-acrylic-co-state-cutout-on-black-plaque;CD953WY CD953CT CD953GA CD953IN CD953OK CD953WA CD953IA CD953KY CD953LA CD953NJ CD953AK CD953CO CD953NH CD953PA CD953RI CD953ME CD953MN CD953ND CD953NE CD953OR CD953UT CD953VA CD953TX CD953VT CD953MO CD953AR CD953IL CD953NV CD953SD CD953WV CD953AL CD953MT CD953NY CD953OH CD953WI CD953AZ CD953KS CD953MS CD953NM CD953SC
CD953CT;p-8046-frosted-acrylic-wy-state-cutout-on-black-plaque;Frosted Acrylic WY State Cutout on Black Plaque;CD953WY;si;51;p-8003-frosted-acrylic-ct-state-cutout-on-black-plaque;CD953WY CD953CT CD953GA CD953IN CD953OK CD953WA CD953IA CD953KY CD953LA CD953NJ CD953AK CD953CO CD953NH CD953PA CD953RI CD953ME CD953MN CD953ND CD953NE CD953OR CD953UT CD953VA CD953TX CD953VT CD953MO CD953AR CD953IL CD953NV CD953SD CD953WV CD953AL CD953MT CD953NY CD953OH CD953WI CD953AZ CD953KS CD953MS CD953NM CD953SC
CD953GA;p-8046-frosted-acrylic-wy-state-cutout-on-black-plaque;Frosted Acrylic WY State Cutout on Black Plaque;CD953WY;si;51;p-8006-frosted-acrylic-ga-state-cutout-on-black-plaque;CD953WY CD953CT CD953GA CD953IN CD953OK CD953WA CD953IA CD953KY CD953LA CD953NJ CD953AK CD953CO CD953NH CD953PA CD953RI CD953ME CD953MN CD953ND CD953NE CD953OR CD953UT CD953VA CD953TX CD953VT CD953MO CD953AR CD953IL CD953NV CD953SD CD953WV CD953AL CD953MT CD953NY CD953OH CD953WI CD953AZ CD953KS CD953MS CD953NM CD953SC
CD953IA;p-8046-frosted-acrylic-wy-state-cutout-on-black-plaque;Frosted Acrylic WY State Cutout on Black Plaque;CD953WY;si;51;p-8008-frosted-acrylic-ia-state-cutout-on-black-plaque;CD953WY CD953CT CD953GA CD953IN CD953OK CD953WA CD953IA CD953KY CD953LA CD953NJ CD953AK CD953CO CD953NH CD953PA CD953RI CD953ME CD953MN CD953ND CD953NE CD953OR CD953UT CD953VA CD953TX CD953VT CD953MO CD953AR CD953IL CD953NV CD953SD CD953WV CD953AL CD953MT CD953NY CD953OH CD953WI CD953AZ CD953KS CD953MS CD953NM CD953SC
CD953IL;p-8046-frosted-acrylic-wy-state-cutout-on-black-plaque;Frosted Acrylic WY State Cutout on Black Plaque;CD953WY;si;51;p-8010-frosted-acrylic-il-state-cutout-on-black-plaque;CD953WY CD953CT CD953GA CD953IN CD953OK CD953WA CD953IA CD953KY CD953LA CD953NJ CD953AK CD953CO CD953NH CD953PA CD953RI CD953ME CD953MN CD953ND CD953NE CD953OR CD953UT CD953VA CD953TX CD953VT CD953MO CD953AR CD953IL CD953NV CD953SD CD953WV CD953AL CD953MT CD953NY CD953OH CD953WI CD953AZ CD953KS CD953MS CD953NM CD953SC
CD953IN;p-8046-frosted-acrylic-wy-state-cutout-on-black-plaque;Frosted Acrylic WY State Cutout on Black Plaque;CD953WY;si;51;p-8011-frosted-acrylic-in-state-cutout-on-black-plaque;CD953WY CD953CT CD953GA CD953IN CD953OK CD953WA CD953IA CD953KY CD953LA CD953NJ CD953AK CD953CO CD953NH CD953PA CD953RI CD953ME CD953MN CD953ND CD953NE CD953OR CD953UT CD953VA CD953TX CD953VT CD953MO CD953AR CD953IL CD953NV CD953SD CD953WV CD953AL CD953MT CD953NY CD953OH CD953WI CD953AZ CD953KS CD953MS CD953NM CD953SC
CD953KS;p-8046-frosted-acrylic-wy-state-cutout-on-black-plaque;Frosted Acrylic WY State Cutout on Black Plaque;CD953WY;si;51;p-8012-frosted-acrylic-ks-state-cutout-on-black-plaque;CD953WY CD953CT CD953GA CD953IN CD953OK CD953WA CD953IA CD953KY CD953LA CD953NJ CD953AK CD953CO CD953NH CD953PA CD953RI CD953ME CD953MN CD953ND CD953NE CD953OR CD953UT CD953VA CD953TX CD953VT CD953MO CD953AR CD953IL CD953NV CD953SD CD953WV CD953AL CD953MT CD953NY CD953OH CD953WI CD953AZ CD953KS CD953MS CD953NM CD953SC
CD953KY;p-8046-frosted-acrylic-wy-state-cutout-on-black-plaque;Frosted Acrylic WY State Cutout on Black Plaque;CD953WY;si;51;p-8013-frosted-acrylic-ky-state-cutout-on-black-plaque;CD953WY CD953CT CD953GA CD953IN CD953OK CD953WA CD953IA CD953KY CD953LA CD953NJ CD953AK CD953CO CD953NH CD953PA CD953RI CD953ME CD953MN CD953ND CD953NE CD953OR CD953UT CD953VA CD953TX CD953VT CD953MO CD953AR CD953IL CD953NV CD953SD CD953WV CD953AL CD953MT CD953NY CD953OH CD953WI CD953AZ CD953KS CD953MS CD953NM CD953SC
CD953LA;p-8046-frosted-acrylic-wy-state-cutout-on-black-plaque;Frosted Acrylic WY State Cutout on Black Plaque;CD953WY;si;51;p-8014-frosted-acrylic-la-state-cutout-on-black-plaque;CD953WY CD953CT CD953GA CD953IN CD953OK CD953WA CD953IA CD953KY CD953LA CD953NJ CD953AK CD953CO CD953NH CD953PA CD953RI CD953ME CD953MN CD953ND CD953NE CD953OR CD953UT CD953VA CD953TX CD953VT CD953MO CD953AR CD953IL CD953NV CD953SD CD953WV CD953AL CD953MT CD953NY CD953OH CD953WI CD953AZ CD953KS CD953MS CD953NM CD953SC
CD953ME;p-8046-frosted-acrylic-wy-state-cutout-on-black-plaque;Frosted Acrylic WY State Cutout on Black Plaque;CD953WY;si;51;p-8017-frosted-acrylic-me-state-cutout-on-black-plaque;CD953WY CD953CT CD953GA CD953IN CD953OK CD953WA CD953IA CD953KY CD953LA CD953NJ CD953AK CD953CO CD953NH CD953PA CD953RI CD953ME CD953MN CD953ND CD953NE CD953OR CD953UT CD953VA CD953TX CD953VT CD953MO CD953AR CD953IL CD953NV CD953SD CD953WV CD953AL CD953MT CD953NY CD953OH CD953WI CD953AZ CD953KS CD953MS CD953NM CD953SC
CD953MN;p-8046-frosted-acrylic-wy-state-cutout-on-black-plaque;Frosted Acrylic WY State Cutout on Black Plaque;CD953WY;si;51;p-8019-frosted-acrylic-mn-state-cutout-on-black-plaque;CD953WY CD953CT CD953GA CD953IN CD953OK CD953WA CD953IA CD953KY CD953LA CD953NJ CD953AK CD953CO CD953NH CD953PA CD953RI CD953ME CD953MN CD953ND CD953NE CD953OR CD953UT CD953VA CD953TX CD953VT CD953MO CD953AR CD953IL CD953NV CD953SD CD953WV CD953AL CD953MT CD953NY CD953OH CD953WI CD953AZ CD953KS CD953MS CD953NM CD953SC
CD953MO;p-8046-frosted-acrylic-wy-state-cutout-on-black-plaque;Frosted Acrylic WY State Cutout on Black Plaque;CD953WY;si;51;p-8020-frosted-acrylic-mo-state-cutout-on-black-plaque;CD953WY CD953CT CD953GA CD953IN CD953OK CD953WA CD953IA CD953KY CD953LA CD953NJ CD953AK CD953CO CD953NH CD953PA CD953RI CD953ME CD953MN CD953ND CD953NE CD953OR CD953UT CD953VA CD953TX CD953VT CD953MO CD953AR CD953IL CD953NV CD953SD CD953WV CD953AL CD953MT CD953NY CD953OH CD953WI CD953AZ CD953KS CD953MS CD953NM CD953SC
CD953MS;p-8046-frosted-acrylic-wy-state-cutout-on-black-plaque;Frosted Acrylic WY State Cutout on Black Plaque;CD953WY;si;51;p-8021-frosted-acrylic-ms-state-cutout-on-black-plaque;CD953WY CD953CT CD953GA CD953IN CD953OK CD953WA CD953IA CD953KY CD953LA CD953NJ CD953AK CD953CO CD953NH CD953PA CD953RI CD953ME CD953MN CD953ND CD953NE CD953OR CD953UT CD953VA CD953TX CD953VT CD953MO CD953AR CD953IL CD953NV CD953SD CD953WV CD953AL CD953MT CD953NY CD953OH CD953WI CD953AZ CD953KS CD953MS CD953NM CD953SC
CD953MT;p-8046-frosted-acrylic-wy-state-cutout-on-black-plaque;Frosted Acrylic WY State Cutout on Black Plaque;CD953WY;si;51;p-8022-frosted-acrylic-mt-state-cutout-on-black-plaque;CD953WY CD953CT CD953GA CD953IN CD953OK CD953WA CD953IA CD953KY CD953LA CD953NJ CD953AK CD953CO CD953NH CD953PA CD953RI CD953ME CD953MN CD953ND CD953NE CD953OR CD953UT CD953VA CD953TX CD953VT CD953MO CD953AR CD953IL CD953NV CD953SD CD953WV CD953AL CD953MT CD953NY CD953OH CD953WI CD953AZ CD953KS CD953MS CD953NM CD953SC
CD953ND;p-8046-frosted-acrylic-wy-state-cutout-on-black-plaque;Frosted Acrylic WY State Cutout on Black Plaque;CD953WY;si;51;p-8024-frosted-acrylic-nd-state-cutout-on-black-plaque;CD953WY CD953CT CD953GA CD953IN CD953OK CD953WA CD953IA CD953KY CD953LA CD953NJ CD953AK CD953CO CD953NH CD953PA CD953RI CD953ME CD953MN CD953ND CD953NE CD953OR CD953UT CD953VA CD953TX CD953VT CD953MO CD953AR CD953IL CD953NV CD953SD CD953WV CD953AL CD953MT CD953NY CD953OH CD953WI CD953AZ CD953KS CD953MS CD953NM CD953SC
CD953NE;p-8046-frosted-acrylic-wy-state-cutout-on-black-plaque;Frosted Acrylic WY State Cutout on Black Plaque;CD953WY;si;51;p-8025-frosted-acrylic-ne-state-cutout-on-black-plaque;CD953WY CD953CT CD953GA CD953IN CD953OK CD953WA CD953IA CD953KY CD953LA CD953NJ CD953AK CD953CO CD953NH CD953PA CD953RI CD953ME CD953MN CD953ND CD953NE CD953OR CD953UT CD953VA CD953TX CD953VT CD953MO CD953AR CD953IL CD953NV CD953SD CD953WV CD953AL CD953MT CD953NY CD953OH CD953WI CD953AZ CD953KS CD953MS CD953NM CD953SC
CD953NH;p-8046-frosted-acrylic-wy-state-cutout-on-black-plaque;Frosted Acrylic WY State Cutout on Black Plaque;CD953WY;si;51;p-8026-frosted-acrylic-nh-state-cutout-on-black-plaque;CD953WY CD953CT CD953GA CD953IN CD953OK CD953WA CD953IA CD953KY CD953LA CD953NJ CD953AK CD953CO CD953NH CD953PA CD953RI CD953ME CD953MN CD953ND CD953NE CD953OR CD953UT CD953VA CD953TX CD953VT CD953MO CD953AR CD953IL CD953NV CD953SD CD953WV CD953AL CD953MT CD953NY CD953OH CD953WI CD953AZ CD953KS CD953MS CD953NM CD953SC
CD953NJ;p-8046-frosted-acrylic-wy-state-cutout-on-black-plaque;Frosted Acrylic WY State Cutout on Black Plaque;CD953WY;si;51;p-8027-frosted-acrylic-nj-state-cutout-on-black-plaque;CD953WY CD953CT CD953GA CD953IN CD953OK CD953WA CD953IA CD953KY CD953LA CD953NJ CD953AK CD953CO CD953NH CD953PA CD953RI CD953ME CD953MN CD953ND CD953NE CD953OR CD953UT CD953VA CD953TX CD953VT CD953MO CD953AR CD953IL CD953NV CD953SD CD953WV CD953AL CD953MT CD953NY CD953OH CD953WI CD953AZ CD953KS CD953MS CD953NM CD953SC
CD953NM;p-8046-frosted-acrylic-wy-state-cutout-on-black-plaque;Frosted Acrylic WY State Cutout on Black Plaque;CD953WY;si;51;p-8028-frosted-acrylic-nm-state-cutout-on-black-plaque;CD953WY CD953CT CD953GA CD953IN CD953OK CD953WA CD953IA CD953KY CD953LA CD953NJ CD953AK CD953CO CD953NH CD953PA CD953RI CD953ME CD953MN CD953ND CD953NE CD953OR CD953UT CD953VA CD953TX CD953VT CD953MO CD953AR CD953IL CD953NV CD953SD CD953WV CD953AL CD953MT CD953NY CD953OH CD953WI CD953AZ CD953KS CD953MS CD953NM CD953SC
CD953NV;p-8046-frosted-acrylic-wy-state-cutout-on-black-plaque;Frosted Acrylic WY State Cutout on Black Plaque;CD953WY;si;51;p-8029-frosted-acrylic-nv-state-cutout-on-black-plaque;CD953WY CD953CT CD953GA CD953IN CD953OK CD953WA CD953IA CD953KY CD953LA CD953NJ CD953AK CD953CO CD953NH CD953PA CD953RI CD953ME CD953MN CD953ND CD953NE CD953OR CD953UT CD953VA CD953TX CD953VT CD953MO CD953AR CD953IL CD953NV CD953SD CD953WV CD953AL CD953MT CD953NY CD953OH CD953WI CD953AZ CD953KS CD953MS CD953NM CD953SC
CD953NY;p-8046-frosted-acrylic-wy-state-cutout-on-black-plaque;Frosted Acrylic WY State Cutout on Black Plaque;CD953WY;si;51;p-8030-frosted-acrylic-ny-state-cutout-on-black-plaque;CD953WY CD953CT CD953GA CD953IN CD953OK CD953WA CD953IA CD953KY CD953LA CD953NJ CD953AK CD953CO CD953NH CD953PA CD953RI CD953ME CD953MN CD953ND CD953NE CD953OR CD953UT CD953VA CD953TX CD953VT CD953MO CD953AR CD953IL CD953NV CD953SD CD953WV CD953AL CD953MT CD953NY CD953OH CD953WI CD953AZ CD953KS CD953MS CD953NM CD953SC
CD953OH;p-8046-frosted-acrylic-wy-state-cutout-on-black-plaque;Frosted Acrylic WY State Cutout on Black Plaque;CD953WY;si;51;p-8031-frosted-acrylic-oh-state-cutout-on-black-plaque;CD953WY CD953CT CD953GA CD953IN CD953OK CD953WA CD953IA CD953KY CD953LA CD953NJ CD953AK CD953CO CD953NH CD953PA CD953RI CD953ME CD953MN CD953ND CD953NE CD953OR CD953UT CD953VA CD953TX CD953VT CD953MO CD953AR CD953IL CD953NV CD953SD CD953WV CD953AL CD953MT CD953NY CD953OH CD953WI CD953AZ CD953KS CD953MS CD953NM CD953SC
CD953OK;p-8046-frosted-acrylic-wy-state-cutout-on-black-plaque;Frosted Acrylic WY State Cutout on Black Plaque;CD953WY;si;51;p-8032-frosted-acrylic-ok-state-cutout-on-black-plaque;CD953WY CD953CT CD953GA CD953IN CD953OK CD953WA CD953IA CD953KY CD953LA CD953NJ CD953AK CD953CO CD953NH CD953PA CD953RI CD953ME CD953MN CD953ND CD953NE CD953OR CD953UT CD953VA CD953TX CD953VT CD953MO CD953AR CD953IL CD953NV CD953SD CD953WV CD953AL CD953MT CD953NY CD953OH CD953WI CD953AZ CD953KS CD953MS CD953NM CD953SC
CD953OR;p-8046-frosted-acrylic-wy-state-cutout-on-black-plaque;Frosted Acrylic WY State Cutout on Black Plaque;CD953WY;si;51;p-8033-frosted-acrylic-or-state-cutout-on-black-plaque;CD953WY CD953CT CD953GA CD953IN CD953OK CD953WA CD953IA CD953KY CD953LA CD953NJ CD953AK CD953CO CD953NH CD953PA CD953RI CD953ME CD953MN CD953ND CD953NE CD953OR CD953UT CD953VA CD953TX CD953VT CD953MO CD953AR CD953IL CD953NV CD953SD CD953WV CD953AL CD953MT CD953NY CD953OH CD953WI CD953AZ CD953KS CD953MS CD953NM CD953SC
CD953PA;p-8046-frosted-acrylic-wy-state-cutout-on-black-plaque;Frosted Acrylic WY State Cutout on Black Plaque;CD953WY;si;51;p-8034-frosted-acrylic-pa-state-cutout-on-black-plaque;CD953WY CD953CT CD953GA CD953IN CD953OK CD953WA CD953IA CD953KY CD953LA CD953NJ CD953AK CD953CO CD953NH CD953PA CD953RI CD953ME CD953MN CD953ND CD953NE CD953OR CD953UT CD953VA CD953TX CD953VT CD953MO CD953AR CD953IL CD953NV CD953SD CD953WV CD953AL CD953MT CD953NY CD953OH CD953WI CD953AZ CD953KS CD953MS CD953NM CD953SC
CD953RI;p-8046-frosted-acrylic-wy-state-cutout-on-black-plaque;Frosted Acrylic WY State Cutout on Black Plaque;CD953WY;si;51;p-8035-frosted-acrylic-ri-state-cutout-on-black-plaque;CD953WY CD953CT CD953GA CD953IN CD953OK CD953WA CD953IA CD953KY CD953LA CD953NJ CD953AK CD953CO CD953NH CD953PA CD953RI CD953ME CD953MN CD953ND CD953NE CD953OR CD953UT CD953VA CD953TX CD953VT CD953MO CD953AR CD953IL CD953NV CD953SD CD953WV CD953AL CD953MT CD953NY CD953OH CD953WI CD953AZ CD953KS CD953MS CD953NM CD953SC
CD953SC;p-8046-frosted-acrylic-wy-state-cutout-on-black-plaque;Frosted Acrylic WY State Cutout on Black Plaque;CD953WY;si;51;p-8036-frosted-acrylic-sc-state-cutout-on-black-plaque;CD953WY CD953CT CD953GA CD953IN CD953OK CD953WA CD953IA CD953KY CD953LA CD953NJ CD953AK CD953CO CD953NH CD953PA CD953RI CD953ME CD953MN CD953ND CD953NE CD953OR CD953UT CD953VA CD953TX CD953VT CD953MO CD953AR CD953IL CD953NV CD953SD CD953WV CD953AL CD953MT CD953NY CD953OH CD953WI CD953AZ CD953KS CD953MS CD953NM CD953SC
CD953SD;p-8046-frosted-acrylic-wy-state-cutout-on-black-plaque;Frosted Acrylic WY State Cutout on Black Plaque;CD953WY;si;51;p-8037-frosted-acrylic-sd-state-cutout-on-black-plaque;CD953WY CD953CT CD953GA CD953IN CD953OK CD953WA CD953IA CD953KY CD953LA CD953NJ CD953AK CD953CO CD953NH CD953PA CD953RI CD953ME CD953MN CD953ND CD953NE CD953OR CD953UT CD953VA CD953TX CD953VT CD953MO CD953AR CD953IL CD953NV CD953SD CD953WV CD953AL CD953MT CD953NY CD953OH CD953WI CD953AZ CD953KS CD953MS CD953NM CD953SC
CD953TX;p-8046-frosted-acrylic-wy-state-cutout-on-black-plaque;Frosted Acrylic WY State Cutout on Black Plaque;CD953WY;si;51;p-8039-frosted-acrylic-tx-state-cutout-on-black-plaque;CD953WY CD953CT CD953GA CD953IN CD953OK CD953WA CD953IA CD953KY CD953LA CD953NJ CD953AK CD953CO CD953NH CD953PA CD953RI CD953ME CD953MN CD953ND CD953NE CD953OR CD953UT CD953VA CD953TX CD953VT CD953MO CD953AR CD953IL CD953NV CD953SD CD953WV CD953AL CD953MT CD953NY CD953OH CD953WI CD953AZ CD953KS CD953MS CD953NM CD953SC
CD953UT;p-8046-frosted-acrylic-wy-state-cutout-on-black-plaque;Frosted Acrylic WY State Cutout on Black Plaque;CD953WY;si;51;p-8040-frosted-acrylic-ut-state-cutout-on-black-plaque;CD953WY CD953CT CD953GA CD953IN CD953OK CD953WA CD953IA CD953KY CD953LA CD953NJ CD953AK CD953CO CD953NH CD953PA CD953RI CD953ME CD953MN CD953ND CD953NE CD953OR CD953UT CD953VA CD953TX CD953VT CD953MO CD953AR CD953IL CD953NV CD953SD CD953WV CD953AL CD953MT CD953NY CD953OH CD953WI CD953AZ CD953KS CD953MS CD953NM CD953SC
CD953VA;p-8046-frosted-acrylic-wy-state-cutout-on-black-plaque;Frosted Acrylic WY State Cutout on Black Plaque;CD953WY;si;51;p-8041-frosted-acrylic-va-state-cutout-on-black-plaque;CD953WY CD953CT CD953GA CD953IN CD953OK CD953WA CD953IA CD953KY CD953LA CD953NJ CD953AK CD953CO CD953NH CD953PA CD953RI CD953ME CD953MN CD953ND CD953NE CD953OR CD953UT CD953VA CD953TX CD953VT CD953MO CD953AR CD953IL CD953NV CD953SD CD953WV CD953AL CD953MT CD953NY CD953OH CD953WI CD953AZ CD953KS CD953MS CD953NM CD953SC
CD953VT;p-8046-frosted-acrylic-wy-state-cutout-on-black-plaque;Frosted Acrylic WY State Cutout on Black Plaque;CD953WY;si;51;p-8042-frosted-acrylic-vt-state-cutout-on-black-plaque;CD953WY CD953CT CD953GA CD953IN CD953OK CD953WA CD953IA CD953KY CD953LA CD953NJ CD953AK CD953CO CD953NH CD953PA CD953RI CD953ME CD953MN CD953ND CD953NE CD953OR CD953UT CD953VA CD953TX CD953VT CD953MO CD953AR CD953IL CD953NV CD953SD CD953WV CD953AL CD953MT CD953NY CD953OH CD953WI CD953AZ CD953KS CD953MS CD953NM CD953SC
CD953WA;p-8046-frosted-acrylic-wy-state-cutout-on-black-plaque;Frosted Acrylic WY State Cutout on Black Plaque;CD953WY;si;51;p-8043-frosted-acrylic-wa-state-cutout-on-black-plaque;CD953WY CD953CT CD953GA CD953IN CD953OK CD953WA CD953IA CD953KY CD953LA CD953NJ CD953AK CD953CO CD953NH CD953PA CD953RI CD953ME CD953MN CD953ND CD953NE CD953OR CD953UT CD953VA CD953TX CD953VT CD953MO CD953AR CD953IL CD953NV CD953SD CD953WV CD953AL CD953MT CD953NY CD953OH CD953WI CD953AZ CD953KS CD953MS CD953NM CD953SC
CD953WI;p-8046-frosted-acrylic-wy-state-cutout-on-black-plaque;Frosted Acrylic WY State Cutout on Black Plaque;CD953WY;si;51;p-8044-frosted-acrylic-wi-state-cutout-on-black-plaque;CD953WY CD953CT CD953GA CD953IN CD953OK CD953WA CD953IA CD953KY CD953LA CD953NJ CD953AK CD953CO CD953NH CD953PA CD953RI CD953ME CD953MN CD953ND CD953NE CD953OR CD953UT CD953VA CD953TX CD953VT CD953MO CD953AR CD953IL CD953NV CD953SD CD953WV CD953AL CD953MT CD953NY CD953OH CD953WI CD953AZ CD953KS CD953MS CD953NM CD953SC
CD953WV;p-8046-frosted-acrylic-wy-state-cutout-on-black-plaque;Frosted Acrylic WY State Cutout on Black Plaque;CD953WY;si;51;p-8045-frosted-acrylic-wv-state-cutout-on-black-plaque;CD953WY CD953CT CD953GA CD953IN CD953OK CD953WA CD953IA CD953KY CD953LA CD953NJ CD953AK CD953CO CD953NH CD953PA CD953RI CD953ME CD953MN CD953ND CD953NE CD953OR CD953UT CD953VA CD953TX CD953VT CD953MO CD953AR CD953IL CD953NV CD953SD CD953WV CD953AL CD953MT CD953NY CD953OH CD953WI CD953AZ CD953KS CD953MS CD953NM CD953SC
CM289BB;p-8077-leatherette-beverage-holder;Leatherette Beverage Holder;CM289BB;no;1;p-8781-leatherette-beverage-holder-large;CM289BB CM289BV CM289WM
CM289BV;p-8077-leatherette-beverage-holder;Leatherette Beverage Holder;CM289BB;no;1;p-8781-leatherette-beverage-holder-large;CM289BB CM289BV CM289WM
CM286BB;p-8082-leatherette-flask;Leatherette Flask;CM286BB;no;1;p-8793-leatherette-flask;CM286BB CM286BV CM286WM
CM286BV;p-8082-leatherette-flask;Leatherette Flask;CM286BB;no;1;p-8793-leatherette-flask;CM286BB CM286BV CM286WM
CM415BB;p-8085-leatherette-journal;Leatherette Journal;CM415BB;no;1;p-8797-leatherette-journal;CM415BB CM415BV CM415WM
CM415BV;p-8085-leatherette-journal;Leatherette Journal;CM415BB;no;1;p-8797-leatherette-journal;CM415BB CM415BV CM415WM
CM415WM;p-8085-leatherette-journal;Leatherette Journal;CM415BB;no;1;p-8797-leatherette-journal;CM415BB CM415BV CM415WM
GM809ARE;p-8151-red-accent-clear-center-crystal;Red Accent Clear Center Crystal;GM809ARE;no;1;p-8712-blue-accent-clear-center-crystal;GM809ARE GM809BRE GM809CRE
GM809BRE;p-8151-red-accent-clear-center-crystal;Red Accent Clear Center Crystal;GM809ARE;no;1;p-8712-blue-accent-clear-center-crystal;GM809ARE GM809BRE GM809CRE
GM809CRE;p-8151-red-accent-clear-center-crystal;Red Accent Clear Center Crystal;GM809ARE;no;1;p-8712-blue-accent-clear-center-crystal;GM809ARE GM809BRE GM809CRE
DCCD424ACU;p-8160-rectangular-digi-color-lucite-ribbon-award;Rectangular Digi Color Lucite Ribbon Award;DCCD424ARB;si;4;p-5678-large-rectangular-custom-digi-color-lucite-award;DCCD424ARB DCCD424BRB DCCD424ACU
GI836;p-8633-crystal-triangular-stackable-perpetual-awards;Crystal Triangular Stackable Perpetual Awards;GI835;si;2;p-8634-crystal-triangular-stackable-add-on-with-acrylic-connector;GI835 GI836
GI836;p-8634-crystal-triangular-stackable-add-on-with-acrylic-connector;Crystal Triangular Stackable Add on with acrylic connector;GI836;si;1;p-8633-crystal-triangular-stackable-perpetual-awards;GI836
GM809ARE;p-8712-blue-accent-clear-center-crystal;Blue  Accent Clear Center Crystal;GM809ABL;si;6;p-8151-red-accent-clear-center-crystal;GM809ABL GM809BBL GM809CBL GM809ARE GM809BRE GM809CRE
GM809BRE;p-8712-blue-accent-clear-center-crystal;Blue  Accent Clear Center Crystal;GM809ABL;si;6;p-8151-red-accent-clear-center-crystal;GM809ABL GM809BBL GM809CBL GM809ARE GM809BRE GM809CRE
GM809CRE;p-8712-blue-accent-clear-center-crystal;Blue  Accent Clear Center Crystal;GM809ABL;si;6;p-8151-red-accent-clear-center-crystal;GM809ABL GM809BBL GM809CBL GM809ARE GM809BRE GM809CRE
C1407LG;p-8715-blue-diamond-carve-lucite-octagon-plaque;Blue Diamond Carve Lucite Octagon Plaque;C1407LB;si;3;p-5911-green-diamond-carved-octagon-plaque;C1407LB C1407LR C1407LG
C1407LR;p-8715-blue-diamond-carve-lucite-octagon-plaque;Blue Diamond Carve Lucite Octagon Plaque;C1407LB;si;3;p-6200-red-diamond-carve-lucite-octagon-plaque;C1407LB C1407LR C1407LG
CD943C;p-8731-clear-acrylic-circle-on-clear-base-small;Clear Acrylic Circle on Clear Base Small;CD943C;si;1;p-7915-clear-acrylic-circle-on-clear-base-award;CD943C
GI602BK;p-8750-deco-clear-glass-with-blue-glass-accents;Deco Clear Glass with Blue Glass Accents;GI602BL;si;2;p-5681-deco-clear-glass-with-black-glass-accents;GI602BL GI602BK
CM721BS;p-8773-journal-with-phone-pouch-small;Journal with Phone Pouch Small;CM721BS;no;1;p-8774-journal-with-phone-pouch-large;CM721BS
CM721BS;p-8774-journal-with-phone-pouch-large;Journal with Phone Pouch Large;CM721GR;si;3;p-8773-journal-with-phone-pouch-small;CM721GR CM721RW CM721BS
CM289BB;p-8781-leatherette-beverage-holder-large;Leatherette Beverage Holder Large;CM289BL;si;13;p-8077-leatherette-beverage-holder;CM289BL CM289BS CM289DB CM289GR CM289LB CM289PK CM289RS CM289RW CM289TL CM289CK CM289BB CM289BV
CM289BV;p-8781-leatherette-beverage-holder-large;Leatherette Beverage Holder Large;CM289BL;si;13;p-8077-leatherette-beverage-holder;CM289BL CM289BS CM289DB CM289GR CM289LB CM289PK CM289RS CM289RW CM289TL CM289CK CM289BB CM289BV
CM289CK;p-8781-leatherette-beverage-holder-large;Leatherette Beverage Holder Large;CM289BL;si;13;p-5617-cork-beverage-holder;CM289BL CM289BS CM289DB CM289GR CM289LB CM289PK CM289RS CM289RW CM289TL CM289CK CM289BB CM289BV
CM286BB;p-8793-leatherette-flask;Leatherette Flask;CM286BL;si;12;p-8082-leatherette-flask;CM286BL CM286BS CM286DB CM286GR CM286LB CM286PK CM286RS CM286RW CM286TL CM286BB CM286CK CM286BV
CM286BV;p-8793-leatherette-flask;Leatherette Flask;CM286BL;si;12;p-8082-leatherette-flask;CM286BL CM286BS CM286DB CM286GR CM286LB CM286PK CM286RS CM286RW CM286TL CM286BB CM286CK CM286BV
CM286CK;p-8793-leatherette-flask;Leatherette Flask;CM286BL;si;12;p-5620-cork-flask;CM286BL CM286BS CM286DB CM286GR CM286LB CM286PK CM286RS CM286RW CM286TL CM286BB CM286CK CM286BV
CM722ABS;p-8794-leatherette-frame-holds-small;Leatherette Frame  Holds Small;CM722ABS;no;1;p-8795-leatherette-frame-holds-large;CM722ABS CM722ABV CM722AGR CM722ALB CM722ARW CM722ATL CM722BBB CM722BBS CM722BBV CM722BGR CM722BLB CM722BRW CM722BTL
CM722ABV;p-8794-leatherette-frame-holds-small;Leatherette Frame  Holds Small;CM722ABS;no;1;p-8795-leatherette-frame-holds-large;CM722ABS CM722ABV CM722AGR CM722ALB CM722ARW CM722ATL CM722BBB CM722BBS CM722BBV CM722BGR CM722BLB CM722BRW CM722BTL
CM722AGR;p-8794-leatherette-frame-holds-small;Leatherette Frame  Holds Small;CM722ABS;no;1;p-8795-leatherette-frame-holds-large;CM722ABS CM722ABV CM722AGR CM722ALB CM722ARW CM722ATL CM722BBB CM722BBS CM722BBV CM722BGR CM722BLB CM722BRW CM722BTL
CM722ALB;p-8794-leatherette-frame-holds-small;Leatherette Frame  Holds Small;CM722ABS;no;1;p-8795-leatherette-frame-holds-large;CM722ABS CM722ABV CM722AGR CM722ALB CM722ARW CM722ATL CM722BBB CM722BBS CM722BBV CM722BGR CM722BLB CM722BRW CM722BTL
CM722ARW;p-8794-leatherette-frame-holds-small;Leatherette Frame  Holds Small;CM722ABS;no;1;p-8795-leatherette-frame-holds-large;CM722ABS CM722ABV CM722AGR CM722ALB CM722ARW CM722ATL CM722BBB CM722BBS CM722BBV CM722BGR CM722BLB CM722BRW CM722BTL
CM722ATL;p-8794-leatherette-frame-holds-small;Leatherette Frame  Holds Small;CM722ABS;no;1;p-8795-leatherette-frame-holds-large;CM722ABS CM722ABV CM722AGR CM722ALB CM722ARW CM722ATL CM722BBB CM722BBS CM722BBV CM722BGR CM722BLB CM722BRW CM722BTL
CM722ABS;p-8795-leatherette-frame-holds-large;Leatherette Frame  Holds Large;CM722ABB;si;7;p-8794-leatherette-frame-holds-small;CM722ABB CM722ABV CM722AGR CM722ALB CM722ATL CM722ARW CM722ABS
CM722ABV;p-8795-leatherette-frame-holds-large;Leatherette Frame  Holds Large;CM722ABB;si;7;p-8794-leatherette-frame-holds-small;CM722ABB CM722ABV CM722AGR CM722ALB CM722ATL CM722ARW CM722ABS
CM722AGR;p-8795-leatherette-frame-holds-large;Leatherette Frame  Holds Large;CM722ABB;si;7;p-8794-leatherette-frame-holds-small;CM722ABB CM722ABV CM722AGR CM722ALB CM722ATL CM722ARW CM722ABS
CM722ALB;p-8795-leatherette-frame-holds-large;Leatherette Frame  Holds Large;CM722ABB;si;7;p-8794-leatherette-frame-holds-small;CM722ABB CM722ABV CM722AGR CM722ALB CM722ATL CM722ARW CM722ABS
CM722ARW;p-8795-leatherette-frame-holds-large;Leatherette Frame  Holds Large;CM722ABB;si;7;p-8794-leatherette-frame-holds-small;CM722ABB CM722ABV CM722AGR CM722ALB CM722ATL CM722ARW CM722ABS
CM722ATL;p-8795-leatherette-frame-holds-large;Leatherette Frame  Holds Large;CM722ABB;si;7;p-8794-leatherette-frame-holds-small;CM722ABB CM722ABV CM722AGR CM722ALB CM722ATL CM722ARW CM722ABS
CM415BB;p-8797-leatherette-journal;Leatherette Journal;CM415BS;si;12;p-8085-leatherette-journal;CM415BS CM415CK CM415DB CM415GR CM415LB CM415PK CM415RS CM415RW CM415TL CM415BV CM415WM CM415BB
CM415BV;p-8797-leatherette-journal;Leatherette Journal;CM415BS;si;12;p-8085-leatherette-journal;CM415BS CM415CK CM415DB CM415GR CM415LB CM415PK CM415RS CM415RW CM415TL CM415BV CM415WM CM415BB
CM415WM;p-8797-leatherette-journal;Leatherette Journal;CM415BS;si;12;p-8085-leatherette-journal;CM415BS CM415CK CM415DB CM415GR CM415LB CM415PK CM415RS CM415RW CM415TL CM415BV CM415WM CM415BB
CM288DB;p-8824-leatherette-wine-bag-small;Leatherette Wine Bag Small;CM288DB;no;1;p-8825-leatherette-wine-bag-large;CM288DB CM288GR CM288LB CM288PK CM288RS CM288RW CM288TL
CM288RW;p-8824-leatherette-wine-bag-small;Leatherette Wine Bag Small;CM288DB;no;1;p-8825-leatherette-wine-bag-large;CM288DB CM288GR CM288LB CM288PK CM288RS CM288RW CM288TL
CM288TL;p-8824-leatherette-wine-bag-small;Leatherette Wine Bag Small;CM288DB;no;1;p-8825-leatherette-wine-bag-large;CM288DB CM288GR CM288LB CM288PK CM288RS CM288RW CM288TL
CM288DB;p-8825-leatherette-wine-bag-large;Leatherette Wine Bag Large;CM288BS;si;4;p-8824-leatherette-wine-bag-small;CM288BS CM288DB CM288RW CM288TL
CM288RW;p-8825-leatherette-wine-bag-large;Leatherette Wine Bag Large;CM288BS;si;4;p-8824-leatherette-wine-bag-small;CM288BS CM288DB CM288RW CM288TL
CM288TL;p-8825-leatherette-wine-bag-large;Leatherette Wine Bag Large;CM288BS;si;4;p-8824-leatherette-wine-bag-small;CM288BS CM288DB CM288RW CM288TL
GI586BK;p-8896-two-tone-clear-and-blue-crescent-curved-glass-includes-silver-color;Two-Tone Clear and Blue Crescent Curved Glass (Includes Silver Color;GI586BL;si;2;p-6317-clear-and-black-crescent-curved-glass-award-trophy;GI586BL GI586BK
