verdict;supplier_id;kind;name;paceSetter_line;related_store_products
ABSORBED;CA21AXB;PRODUCT;Sculptured Lucite Star - Small;CA21AX*;p-5901-gold-star-power-sculptured-lucite-award p-5610-clear-star-power-sculptured-lucite-award
ABSORBED;CA21BXB;PRODUCT;Sculptured Lucite Star - Medium;CA21BX*;p-5901-gold-star-power-sculptured-lucite-award p-5610-clear-star-power-sculptured-lucite-award
ABSORBED;CA21CXB;PRODUCT;Sculptured Lucite Star - Large;CA21CX*;p-5900-gold-star-power-sculptured-lucite-small p-5609-clear-star-power-sculptured-lucite-large
ABSORBED;CM297BB;PRODUCT;Zipper Leatherette Portfolio;CM297*;p-8905-zipper-leatherette-portfolio
ABSORBED;CM297WM;PRODUCT;Zipper Leatherette Portfolio;CM297*;p-8905-zipper-leatherette-portfolio
ABSORBED;CM373BB;PRODUCT;Leatherette Shot Glass, Bamboo;CM373*;p-8807-leatherette-on-steel-shot-glass
ABSORBED;CM373WM;PRODUCT;Leatherette Shot Glass, White Marble;CM373*;p-8807-leatherette-on-steel-shot-glass
ABSORBED;DCC3001DEB;PRODUCT;Choice of Digi-Color Plate on Economy Board;DCC3001D*;p-6327-walnut-finish-plaque-w-choice-of-plate-board
ABSORBED;DCC3001EEB;PRODUCT;Choice of Digi-Color Plate on Economy Board;DCC3001E*;p-6327-walnut-finish-plaque-w-choice-of-plate-board
ABSORBED;GI311BARK;PRODUCT;Blue Glass Bar with Silver Color-Fill (Includes FREE Text Set-up);GI311BAR;p-5498-blue-glass-bar-with-silver-color
ABSORBED;GI606BARB;PRODUCT;Glass Bar with Silver Color-Fill (Includes FREE Sandblast Text Set-up);GI606BAR*;p-5434-black-or-blue-glass-perpetual-bar-with-silver-color
DUPLICATE_RISK;C021A;PRODUCT;Ebony Finish Plaque with Marble Mist;C021A;p-5713-ebony-finish-plaque-with-marble-mist-large p-8899-walnut-finish-plaque-with-marble-mist-plate p-8899-walnut-finish-plaque-with-marble-mist-plate p-5713-ebony-finish-plaque-with-marble-mist-large
DUPLICATE_RISK;C021B;PRODUCT;Ebony Finish Plaque with Marble Mist;C021B;p-5712-ebony-finish-plaque-with-marble-mist-small p-8899-walnut-finish-plaque-with-marble-mist-plate p-8899-walnut-finish-plaque-with-marble-mist-plate p-5712-ebony-finish-plaque-with-marble-mist-small
DUPLICATE_RISK;C0642;PRODUCT;Star Cast Self-Standing Plaque;C0642;p-6249-silver-star-self-standing-plaque p-5899-gold-star-self-standing-plaque p-6249-silver-star-self-standing-plaque p-5899-gold-star-self-standing-plaque
DUPLICATE_RISK;C071A;PRODUCT;Florentine Gold Edge Plate on Ebony Board;C071A;p-5737-florentine-gold-edge-plate-on-ebony-board p-6329-walnut-finish-plaque-with-black-florentine-plate p-8219-walnut-finish-plaque-with-black-florentine p-5734-florentine-edge-plate-on-ebony-board-medium p-8219-walnut-finish-plaque-with-black-florentine p-6329-walnut-finish-plaque-with-black-florentine-plate p-5737-florentine-gold-edge-plate-on-ebony-board p-5734-florentine-edge-plate-on-ebony-board-medium
DUPLICATE_RISK;C071B;PRODUCT;Florentine Gold Edge Plate on Ebony Board;C071B;p-5736-florentine-gold-edge-plate-on-ebony-board-large p-8898-walnut-finish-plaque-with-black-florentine p-6329-walnut-finish-plaque-with-black-florentine-plate p-8898-walnut-finish-plaque-with-black-florentine p-6329-walnut-finish-plaque-with-black-florentine-plate p-5736-florentine-gold-edge-plate-on-ebony-board-large
DUPLICATE_RISK;C3501A;PRODUCT;"Certificate/Overlay Plaque for 7"" x 5"" Insert";C3501A;p-6325-walnut-finish-certificateoverlay-plaque-in-mailer-box p-5708-ebony-finish-certificateoverlay-plaque p-5869-genuine-walnut-certificate-plaque p-6324-walnut-finish-certificateoverlay-plaque-in-gift-box p-6325-walnut-finish-certificateoverlay-plaque-in-mailer-box p-6324-walnut-finish-certificateoverlay-plaque-in-gift-box p-5869-genuine-walnut-certificate-plaque p-5708-ebony-finish-certificateoverlay-plaque
DUPLICATE_RISK;C3501B;PRODUCT;"Certificate/Overlay Plaque for 8"" x 6"" Insert";C3501B;p-5708-ebony-finish-certificateoverlay-plaque p-5708-ebony-finish-certificateoverlay-plaque
DUPLICATE_RISK;C3501C;PRODUCT;"Certificate/Overlay Plaque for 8½"" x 11"" Insert";C3501C;p-5708-ebony-finish-certificateoverlay-plaque p-6324-walnut-finish-certificateoverlay-plaque-in-gift-box p-6325-walnut-finish-certificateoverlay-plaque-in-mailer-box p-6325-walnut-finish-certificateoverlay-plaque-in-mailer-box p-6324-walnut-finish-certificateoverlay-plaque-in-gift-box p-5708-ebony-finish-certificateoverlay-plaque
DUPLICATE_RISK;C4801A;PRODUCT;"Slide-in Certificate Plaque - Walnut Finish for 8"" x 6"" Insert";C4801A;p-6270-slide-in-certificate-walnut-plaque-in-gift-box p-6271-slide-in-certificate-walnut-plaque-in-mailer-box p-6271-slide-in-certificate-walnut-plaque-in-mailer-box p-6270-slide-in-certificate-walnut-plaque-in-gift-box
DUPLICATE_RISK;C4801AA;PRODUCT;"Slide-in Certificate Plaque - Walnut Finish for 7"" x 5"" Insert";C4801AA;p-6271-slide-in-certificate-walnut-plaque-in-mailer-box p-6270-slide-in-certificate-walnut-plaque-in-gift-box p-6271-slide-in-certificate-walnut-plaque-in-mailer-box p-6270-slide-in-certificate-walnut-plaque-in-gift-box
DUPLICATE_RISK;C4801B;PRODUCT;"Slide-in Certificate Plaque - Walnut Finish for 10"" x 8"" Insert";C4801B;p-6270-slide-in-certificate-walnut-plaque-in-gift-box p-6271-slide-in-certificate-walnut-plaque-in-mailer-box p-6271-slide-in-certificate-walnut-plaque-in-mailer-box p-6270-slide-in-certificate-walnut-plaque-in-gift-box
DUPLICATE_RISK;C4801C;PRODUCT;"Slide-in Certificate Plaque - Walnut Finish for 11"" x 8½"" Insert";C4801C;p-6270-slide-in-certificate-walnut-plaque-in-gift-box p-6271-slide-in-certificate-walnut-plaque-in-mailer-box p-6271-slide-in-certificate-walnut-plaque-in-mailer-box p-6270-slide-in-certificate-walnut-plaque-in-gift-box
DUPLICATE_RISK;C4802;PRODUCT;Certificate Frame with Metallized Accent;C4802;p-8709-black-certificate-frame-with-silver-metallized-accent p-6321-walnut-certificate-frame-with-gold-metallized-accent p-8709-black-certificate-frame-with-silver-metallized-accent p-6321-walnut-certificate-frame-with-gold-metallized-accent
DUPLICATE_RISK;C609LB;PRODUCT;Small Chisel Carve Tower on Base;C609LB;p-8760-gold-chisel-carved-tower-on-base-large p-5479-blue-chisel-carved-tower-award-on-base p-8760-gold-chisel-carved-tower-on-base-large p-5479-blue-chisel-carved-tower-award-on-base
DUPLICATE_RISK;C610L;PRODUCT;Medium Chisel Carve Tower;C610L;p-6082-medium-gold-chisel-carve-tower-award p-8832-medium-blue-chisel-carve-tower-award p-8832-medium-blue-chisel-carve-tower-award p-6082-medium-gold-chisel-carve-tower-award
DUPLICATE_RISK;C610LB;PRODUCT;Medium Chisel Carve Tower on Base;C610LB;p-5883-gold-chisel-carved-tower-on-base-award p-5479-blue-chisel-carved-tower-award-on-base p-5883-gold-chisel-carved-tower-on-base-award p-5479-blue-chisel-carved-tower-award-on-base
DUPLICATE_RISK;C701BL;PRODUCT;Chisel Carve Tower on Base;C701BL;p-6182-purple-chisel-carve-tower-award-on-base p-5883-gold-chisel-carved-tower-on-base-award p-5908-green-chisel-carve-tower-award-on-base p-5479-blue-chisel-carved-tower-award-on-base p-8890-teal-chisel-carve-tower-award-on-base p-6196-red-chisel-carve-tower-award-on-base p-5430-black-chisel-carve-tower-award-on-base p-8890-teal-chisel-carve-tower-award-on-base p-6196-red-chisel-carve-tower-award-on-base p-6182-purple-chisel-carve-tower-award-on-base p-5908-green-chisel-carve-tower-award-on-base p-5883-gold-chisel-carved-tower-on-base-award p-5479-blue-chisel-carved-tower-award-on-base p-5430-black-chisel-carve-tower-award-on-base
DUPLICATE_RISK;C701L;PRODUCT;Chisel Carve Tower;C701L;p-5430-black-chisel-carve-tower-award-on-base p-5882-gold-chisel-carve-tower-award p-6208-red-spectrum-chisel-carved-tower-award p-5478-blue-chisel-carve-tower-award p-8891-teal-chisel-carve-tower-award p-5909-green-chisel-carve-tower-award p-8147-purple-chisel-carve-tower-award p-8891-teal-chisel-carve-tower-award p-8147-purple-chisel-carve-tower-award p-6208-red-spectrum-chisel-carved-tower-award p-5909-green-chisel-carve-tower-award p-5882-gold-chisel-carve-tower-award p-5478-blue-chisel-carve-tower-award p-5430-black-chisel-carve-tower-award-on-base
DUPLICATE_RISK;CD1040A;PRODUCT;Crossroads Award, Horizontal Small;CD1040A;p-8737-crossroads-horizontal-award p-8737-crossroads-horizontal-award
DUPLICATE_RISK;CD1040B;PRODUCT;Crossroads Award, Horizontal Medium;CD1040B;p-8737-crossroads-horizontal-award p-8737-crossroads-horizontal-award
DUPLICATE_RISK;CD1045;PRODUCT;Crossroads Award, Vertical Small;CD1045;p-8738-crossroads-vertical-award p-8738-crossroads-vertical-award
DUPLICATE_RISK;CD1095*;PRODUCT;Cosmopolitan Plaque, 8x10;CD1095*;p-7944-cosmopolitan-plaque-small p-7944-cosmopolitan-plaque-small
DUPLICATE_RISK;CD1096*;PRODUCT;Cosmopolitan Plaque, 9x12;CD1096*;p-7945-cosmopolitan-plaque-large p-7945-cosmopolitan-plaque-large
DUPLICATE_RISK;CD1097*;PRODUCT;Cosmopolitan Plaque, 8x15;CD1097*;p-7945-cosmopolitan-plaque-large p-7945-cosmopolitan-plaque-large
DUPLICATE_RISK;CD1101A;PRODUCT;Blue Acrylic Color Drops, Small;CD1101A;p-8061-green-acrylic-color-drops-award p-7888-blue-acrylic-color-drops-award p-8153-red-acrylic-color-drops-award p-8153-red-acrylic-color-drops-award p-8061-green-acrylic-color-drops-award p-7888-blue-acrylic-color-drops-award
DUPLICATE_RISK;CD1101B;PRODUCT;Blue Acrylic Color Drops, Med;CD1101B;p-8061-green-acrylic-color-drops-award p-8153-red-acrylic-color-drops-award p-7888-blue-acrylic-color-drops-award p-8153-red-acrylic-color-drops-award p-8061-green-acrylic-color-drops-award p-7888-blue-acrylic-color-drops-award
DUPLICATE_RISK;CD1101C;PRODUCT;Blue Acrylic Color Drops, Large;CD1101C;p-7888-blue-acrylic-color-drops-award p-8061-green-acrylic-color-drops-award p-8061-green-acrylic-color-drops-award p-7888-blue-acrylic-color-drops-award
DUPLICATE_RISK;CD1258;PRODUCT;Luminous Pinnacle Award;CD1258;p-8675-luminous-pinnacle-award p-8675-luminous-pinnacle-award
DUPLICATE_RISK;CD1259;PRODUCT;Open Pinnacle Award;CD1259;p-8677-open-pinnacle-award p-8677-open-pinnacle-award
DUPLICATE_RISK;CD1260;PRODUCT;Two Level Years of Service Award;CD1260;p-8689-two-level-years-of-service-award p-8689-two-level-years-of-service-award
DUPLICATE_RISK;CD434*;PRODUCT;Architectural Swirl Metal Face Wall Plaque;CD434*;p-6238-silver-architectural-metal-swirl-wall-plaque p-6238-silver-architectural-metal-swirl-wall-plaque
DUPLICATE_RISK;CD435*;PRODUCT;Medium Architectural Swirl Metal Face Wall Plaque;CD435*;p-6238-silver-architectural-metal-swirl-wall-plaque p-6238-silver-architectural-metal-swirl-wall-plaque
DUPLICATE_RISK;CD436*;PRODUCT;Large Architectural Swirl Metal Face Wall Plaque;CD436*;p-6238-silver-architectural-metal-swirl-wall-plaque p-6238-silver-architectural-metal-swirl-wall-plaque
DUPLICATE_RISK;CD476;PRODUCT;Cascade Metal Stars on Genuine Italian Marble Base - Small;CD476;p-5530-bronze-cascade-metal-stars-award p-5881-gold-cascade-metal-stars-award p-5881-gold-cascade-metal-stars-award p-5530-bronze-cascade-metal-stars-award
DUPLICATE_RISK;CD477;PRODUCT;Cascade Metal Stars on Genuine Italian Marble Base - Medium;CD477;p-5530-bronze-cascade-metal-stars-award p-5881-gold-cascade-metal-stars-award p-5881-gold-cascade-metal-stars-award p-5530-bronze-cascade-metal-stars-award
DUPLICATE_RISK;CD478;PRODUCT;Cascade Metal Stars on Genuine Italian Marble Base - Large;CD478;p-5881-gold-cascade-metal-stars-award p-5530-bronze-cascade-metal-stars-award p-5881-gold-cascade-metal-stars-award p-5530-bronze-cascade-metal-stars-award
DUPLICATE_RISK;CD547AA;PRODUCT;Small Digi-Color Direct Plaque;CD547AA;p-8875-small-digi p-8875-small-digi
DUPLICATE_RISK;CD547B;PRODUCT;Large Digi-Color Direct Plaque;CD547B;p-6326-walnut-finish-digi p-8775-large-digi-large p-5696-digi-color-mahogany-plaque p-8775-large-digi-large p-6326-walnut-finish-digi p-5696-digi-color-mahogany-plaque
DUPLICATE_RISK;CD547C;PRODUCT;Extra-Large Digi-Color Direct Plaque;CD547C;p-7985-extra-large-digi p-5696-digi-color-mahogany-plaque p-6322-walnut-finish-digi p-7985-extra-large-digi p-6322-walnut-finish-digi p-5696-digi-color-mahogany-plaque
DUPLICATE_RISK;CD636;PRODUCT;Arched Brilliance Lucite Award on Clear Base  (Includes Laser in 2 Locations);CD636;p-6192-red-arched-brilliance-award-on-clear-base p-5473-blue-arched-brilliance-award-on-clear-base p-8763-green-arched-brilliance-award-on-clear-base p-8763-green-arched-brilliance-award-on-clear-base p-6192-red-arched-brilliance-award-on-clear-base p-5473-blue-arched-brilliance-award-on-clear-base
DUPLICATE_RISK;CD848;PRODUCT;Lucite Wave Monument on Black Marble Base;CD848;p-5891-gold-lucite-rising-tide-wave-monument-trophy p-5504-blue-lucite-rising-tide-wave-monument-award p-5891-gold-lucite-rising-tide-wave-monument-trophy p-5504-blue-lucite-rising-tide-wave-monument-award
DUPLICATE_RISK;CD902Y*;PRODUCT;Anniversary Achievement Plaque 1 Year;CD902Y*;p-5375-anniversary-years-of-service-achievement-plaque p-5375-anniversary-years-of-service-achievement-plaque
DUPLICATE_RISK;CD903Y_;PRODUCT;Anniversary Achievement Award 1 Year;CD903Y_;p-5374-anniversary-achievement-years-of-service-awards p-5374-anniversary-achievement-years-of-service-awards
DUPLICATE_RISK;CD904AY*;PRODUCT;Anniversary Freestanding Single Digit Black 1 Year;CD904AY*;p-7628-anniversary-freestanding-1-year-award p-7627-anniversary-freestanding-3-year-award p-5377-anniversary-freestanding-5-year-award p-7628-anniversary-freestanding-1-year-award p-7627-anniversary-freestanding-3-year-award p-5377-anniversary-freestanding-5-year-award
DUPLICATE_RISK;CD904BY*;PRODUCT;Anniversary Freestanding Two Digit Black 10 Years;CD904BY*;p-5376-anniversary-years-of-service-freestanding-award p-5376-anniversary-years-of-service-freestanding-award
DUPLICATE_RISK;CD908RL;PRODUCT;Rectangle Interlocking Bar, Left;CD908RL;p-9434-interlocking-perpetual-award-bars p-9434-interlocking-perpetual-award-bars
DUPLICATE_RISK;CD908RR;PRODUCT;Rectangle Interlocking Bar, Right;CD908RR;p-9434-interlocking-perpetual-award-bars p-9434-interlocking-perpetual-award-bars
DUPLICATE_RISK;CD909*;PRODUCT;Crescent Interlock Award, Black;CD909*;p-7947-crescent-interlock-perpetual-award p-7947-crescent-interlock-perpetual-award
DUPLICATE_RISK;CD915A;PRODUCT;Sedona Ridge Tablet;CD915A;p-8868-sedona-ridge-tablet-award p-8868-sedona-ridge-tablet-award
DUPLICATE_RISK;CD915B;PRODUCT;Sedona Ridge Tablet;CD915B;p-8868-sedona-ridge-tablet-award p-8868-sedona-ridge-tablet-award
DUPLICATE_RISK;CD915C;PRODUCT;Sedona Ridge Tablet;CD915C;p-8868-sedona-ridge-tablet-award p-8868-sedona-ridge-tablet-award
DUPLICATE_RISK;CD916A*;PRODUCT;Sedona Ridge Plaque, 8x10;CD916A*;p-8866-sedona-ridge-plaque p-8866-sedona-ridge-plaque
DUPLICATE_RISK;CD916B*;PRODUCT;Sedona Ridge Plaque, 9x12;CD916B*;p-8866-sedona-ridge-plaque p-8866-sedona-ridge-plaque
DUPLICATE_RISK;CD945;PRODUCT;Frosted Lucite on Black Piano Plaque and Color Plate;CD945;p-5840-frosted-lucite-on-black-piano-plaque-and-black-plate p-8755-frosted-lucite-on-black-piano-plaque-and-blue-plate p-8755-frosted-lucite-on-black-piano-plaque-and-blue-plate p-5840-frosted-lucite-on-black-piano-plaque-and-black-plate
DUPLICATE_RISK;CD961;PRODUCT;Layered Acrylic Plaque with Color Back and  Circle-Cutout Silver Plate (includes imprint in 2 locations);CD961;p-5971-layered-acrylic-plaque-with-orange-back-and-circle-award p-5968-layered-acrylic-plaque-wblack-back-and-circle p-8780-layered-acrylic-plaque-wgreen-and-circle p-8779-layered-acrylic-plaque-wblue-back-and-circle p-8780-layered-acrylic-plaque-wgreen-and-circle p-8779-layered-acrylic-plaque-wblue-back-and-circle p-5971-layered-acrylic-plaque-with-orange-back-and-circle-award p-5968-layered-acrylic-plaque-wblack-back-and-circle
DUPLICATE_RISK;CD981Y*;PRODUCT;Anniversary Recognition (*Years 1 to 50 Available);CD981Y*;p-7842-anniversary-service-recognition-awards p-7842-anniversary-service-recognition-awards
DUPLICATE_RISK;CM237A*;PRODUCT;Leatherette Portfolio;CM237A*;p-8814-leatherette-portfolio-with-notepad-sml p-8096-leatherette-portfolio p-8815-leatherette-portfolio-small p-8815-leatherette-portfolio-small p-8814-leatherette-portfolio-with-notepad-sml p-8096-leatherette-portfolio
DUPLICATE_RISK;CM237B*;PRODUCT;Leatherette Portfolio;CM237B*;p-8815-leatherette-portfolio-small p-8813-leatherette-portfolio-with-notepad-lrg p-8096-leatherette-portfolio p-8815-leatherette-portfolio-small p-8813-leatherette-portfolio-with-notepad-lrg p-8096-leatherette-portfolio
DUPLICATE_RISK;CM240*;PRODUCT;Leatherette Round Coaster;CM240*;p-8098-leatherette-round-coaster p-8817-leatherette-round-coaster p-5623-cork-round-coaster p-8817-leatherette-round-coaster p-8098-leatherette-round-coaster p-5623-cork-round-coaster
DUPLICATE_RISK;CM241*;PRODUCT;Leatherette Square Coaster;CM241*;p-8821-leatherette-square-coaster p-5625-cork-square-coaster p-8821-leatherette-square-coaster p-5625-cork-square-coaster
DUPLICATE_RISK;CM243*;PRODUCT;Leatherette Hard Business Card Case;CM243*;p-8084-leatherette-hard-business-card-case p-8796-leatherette-hard-business-card-case p-8796-leatherette-hard-business-card-case p-8084-leatherette-hard-business-card-case
DUPLICATE_RISK;CM244*;PRODUCT;Leatherette Notepad and Pen;CM244*;p-8805-large-leatherette-notepad-and-pen p-8806-leatherette-notepad-and-pen-small p-8806-leatherette-notepad-and-pen-small p-8805-large-leatherette-notepad-and-pen
DUPLICATE_RISK;CM245*;PRODUCT;Leatherette Rectangle Keychain;CM245*;p-8816-leatherette-rectangle-keychain-large p-8816-leatherette-rectangle-keychain-large
DUPLICATE_RISK;CM246;PRODUCT;Leatherette Money Clip/Card Holder;CM246;p-8801-leatherette-money-clipcard-holder p-8801-leatherette-money-clipcard-holder
DUPLICATE_RISK;CM248A*;PRODUCT;Leatherette 4 x 6 Photo Frame;CM248A*;p-8828-leatherette-picture-frame p-8828-leatherette-picture-frame
DUPLICATE_RISK;CM248B*;PRODUCT;Leatherette 5 x 7 Photo Frame;CM248B*;p-8828-leatherette-picture-frame p-8828-leatherette-picture-frame
DUPLICATE_RISK;CM248C*;PRODUCT;Leatherette 8 x 10 Photo Frame;CM248C*;p-8828-leatherette-picture-frame
DUPLICATE_RISK;CM254;PRODUCT;6 oz. Matte Black Stainless Steel Lasered Flask;CM254;p-8694-6-oz-matte-black-stainless-steel-lasered-flask p-8695-6-oz-powder-coated-green-stainless-steel-lasered-flask p-8695-6-oz-powder-coated-green-stainless-steel-lasered-flask p-8694-6-oz-matte-black-stainless-steel-lasered-flask
DUPLICATE_RISK;CM282*;PRODUCT;Cork Round 6-Coaster Set;CM282*;p-8818-leatherette-set-of-6-round-coasters p-5624-cork-round p-8818-leatherette-set-of-6-round-coasters p-5624-cork-round
DUPLICATE_RISK;CM283*;PRODUCT;Leatherette Square 6-Coaster Set;CM283*;p-8822-leatherette-square-coasters-set p-5626-cork-square-coasters-set p-8822-leatherette-square-coasters-set p-5626-cork-square-coasters-set
DUPLICATE_RISK;CM291*;PRODUCT;Leatherette Oval Keychain;CM291*;p-8856-rawhide-leatherette-oval-keychain p-8091-leatherette-oval-keychain p-8710-blacksilver-leatherette-oval-keychain p-8843-pink-leatherette-oval-keychain p-6014-cork-leatherette-oval-keychain p-8829-light-brown-leatherette-oval-keychain p-8770-grey-leatherette-oval-keychain p-8748-dark-brown-leatherette-oval-keychain p-8859-rose-leatherette-oval-keychain p-8859-rose-leatherette-oval-keychain p-8856-rawhide-leatherette-oval-keychain p-8843-pink-leatherette-oval-keychain p-8829-light-brown-leatherette-oval-keychain p-8770-grey-leatherette-oval-keychain p-8748-dark-brown-leatherette-oval-keychain p-8710-blacksilver-leatherette-oval-keychain p-8091-leatherette-oval-keychain p-6014-cork-leatherette-oval-keychain
DUPLICATE_RISK;CM292;PRODUCT;Leatherette Slim-Line Wallet;CM292;p-8819-leatherette-slim-small p-8820-leatherette-slim-large p-8820-leatherette-slim-large p-8819-leatherette-slim-small
DUPLICATE_RISK;CM293;PRODUCT;7-Piece Leatherette Manicure Gift Set;CM293;p-8699-7-piece-pink-leatherette-manicure-gift-set p-8696-7-piece-blacksilver-leatherette-manicure-gift-set p-8697-7-piece-dark-brown-leatherette-manicure-gift-set p-8698-7-piece-light-brown-leatherette-manicure-gift-set p-8700-7-piece-rawhide-leatherette-manicure-gift-set p-8700-7-piece-rawhide-leatherette-manicure-gift-set p-8699-7-piece-pink-leatherette-manicure-gift-set p-8698-7-piece-light-brown-leatherette-manicure-gift-set p-8697-7-piece-dark-brown-leatherette-manicure-gift-set p-8696-7-piece-blacksilver-leatherette-manicure-gift-set
DUPLICATE_RISK;CM295*;PRODUCT;Leatherette Luggage Tag;CM295*;p-8798-leatherette-luggage-tag-large p-8798-leatherette-luggage-tag-large p-5621-cork-luggage-tag
DUPLICATE_RISK;CM296;PRODUCT;Leatherette Phone Easel;CM296;p-8857-rawhide-leatherette-phone-easel p-8749-dark-brown-leatherette-phone-easel p-8771-grey-leatherette-phone-easel p-8711-blacksilver-leatherette-phone-easel p-8830-light-brown-leatherette-phone-easel p-8857-rawhide-leatherette-phone-easel p-8830-light-brown-leatherette-phone-easel p-8771-grey-leatherette-phone-easel p-8749-dark-brown-leatherette-phone-easel p-8711-blacksilver-leatherette-phone-easel
DUPLICATE_RISK;CM332*;PRODUCT;Leatherette Bottle Opener;CM332*;p-8784-leatherette-bottle-opener p-5618-cork-bottle-opener p-8784-leatherette-bottle-opener p-5618-cork-bottle-opener
DUPLICATE_RISK;CM333;PRODUCT;Leatherette Bottle Opener;CM333;p-8784-leatherette-bottle-opener p-8784-leatherette-bottle-opener
DUPLICATE_RISK;CM335;PRODUCT;Leatherette Poker Set;CM335;p-8812-leatherette-poker-set p-8812-leatherette-poker-set
DUPLICATE_RISK;CM370;PRODUCT;Leatherette Dice Cup Set;CM370;p-8788-leatherette-dice-cup-set p-8788-leatherette-dice-cup-set
DUPLICATE_RISK;CM371;PRODUCT;Leatherette Card and Dice Set;CM371;p-8785-leatherette-card-and-dice-set p-8785-leatherette-card-and-dice-set
DUPLICATE_RISK;CM372;PRODUCT;Leatherette Cigar Case with Cutter, Bamboo;CM372;p-8787-leatherette-cigar-case-with-cutter p-8080-leatherette-cigar-case-with-cutter p-8787-leatherette-cigar-case-with-cutter p-8080-leatherette-cigar-case-with-cutter
DUPLICATE_RISK;CM425;PRODUCT;Leatherette Wine Box;CM425;p-8826-leatherette-wine-box p-8826-leatherette-wine-box
DUPLICATE_RISK;CM452;PRODUCT;Leatherette Mouse Pad;CM452;p-8802-leatherette-mouse-pad p-8802-leatherette-mouse-pad
DUPLICATE_RISK;CM455;PRODUCT;Leatherette Money Clip;CM455;p-8800-leatherette-money-clip-large p-8799-leatherette-money-clip-small p-8088-leatherette-money-clip-large p-8800-leatherette-money-clip-large p-8799-leatherette-money-clip-small p-8088-leatherette-money-clip-large
DUPLICATE_RISK;CM710*;PRODUCT;Polar Camel 30 oz. Ringneck Tumbler;CM710*;p-6168-polar-camel-ringneck-tumblers-personalized
DUPLICATE_RISK;CM713*;PRODUCT;Polar Camel 16 oz. Stemless Tumbler;CM713*;p-8848-polar-camel-small p-8850-polar-camel-medium p-8850-polar-camel-medium p-8848-polar-camel-small p-6356-polar-camel-stemless-wine-tumblers-personalized
DUPLICATE_RISK;CM715;PRODUCT;Gold Finish Plastic Cup on Marble Base;CM715;p-8052-gold-finish-plastic-cup-on-marble-base p-8052-gold-finish-plastic-cup-on-marble-base
DUPLICATE_RISK;CM716*;PRODUCT;20 oz. Pilsner Tumbler;CM716*;p-8693-20-oz-pilsner-tumbler p-8693-20-oz-pilsner-tumbler
DUPLICATE_RISK;CM717*;PRODUCT;14 oz. Pilsner Tumbler;CM717*;p-8692-14-oz-pilsner-tumbler p-8692-14-oz-pilsner-tumbler
DUPLICATE_RISK;CM718;PRODUCT;Leatherette Wiereless Phone Charging Mat with USB Cord;CM718;p-8823-leatherette-wiereless-phone-charging-mat-with-usb-cord p-8823-leatherette-wiereless-phone-charging-mat-with-usb-cord
DUPLICATE_RISK;CM720A;PRODUCT;Canvase Portfolio with Leatherette Accent;CM720A;p-8725-canvas-portfolio-with-leatherette-accent p-8725-canvas-portfolio-with-leatherette-accent
DUPLICATE_RISK;CM720B;PRODUCT;Canvase Portfolio with Leatherette Accent;CM720B;p-8725-canvas-portfolio-with-leatherette-accent p-8725-canvas-portfolio-with-leatherette-accent
DUPLICATE_RISK;CM723*;PRODUCT;Golf Bag Tag with Tees;CM723*;p-8761-golf-bag-tag-with-tees p-8762-leatherette-golf-bag-tag-with-tees p-8762-leatherette-golf-bag-tag-with-tees p-8761-golf-bag-tag-with-tees
DUPLICATE_RISK;CM726*;PRODUCT;Polar Camel 15 oz. Mug, Black                                             ;CM726*;p-8848-polar-camel-small p-8848-polar-camel-small
DUPLICATE_RISK;CM727*;PRODUCT;Polar Camel Powder Coated Insulated Can Holder, 12/16 oz. can ;CM727*;p-8847-polar-camel-stainless-steel-beverage-holder-large p-8846-polar-camel-stainless-steel-beverage-holder-small p-8847-polar-camel-stainless-steel-beverage-holder-large p-8846-polar-camel-stainless-steel-beverage-holder-small
DUPLICATE_RISK;CM731;PRODUCT;Polar Camel Powder Coated Insulated Travel Water Bottle Includes Straw;CM731;p-8850-polar-camel-medium p-8848-polar-camel-small p-8850-polar-camel-medium p-8848-polar-camel-small
DUPLICATE_RISK;CM745*;PRODUCT;Tahoe Insulated Stemless Tumbler 16 oz. ;CM745*;p-8884-tahoe-stemless-cocktail-tumbler p-8885-tahoe-stemless-cocktail-tumblers p-8885-tahoe-stemless-cocktail-tumblers p-8884-tahoe-stemless-cocktail-tumbler
DUPLICATE_RISK;CM746*;PRODUCT;Tahoe Insulated Stemless Tumbler 30 oz. ;CM746*;p-8887-tahoe-travel-tumbler p-8886-tahoe-travel-mug p-8887-tahoe-travel-tumbler p-8886-tahoe-travel-mug
DUPLICATE_RISK;CM747*;PRODUCT;Tahoe Insulated Tumbler Medium 20oz;CM747*;p-8887-tahoe-travel-tumbler p-8886-tahoe-travel-mug p-8887-tahoe-travel-tumbler p-8886-tahoe-travel-mug
DUPLICATE_RISK;CM750;PRODUCT;Black Walnut Cutting & Charcuterie Board;CM750;p-7882-black-walnut-cutting-charcuterie-board p-7881-black-walnut-cutting-charcuterie-board-large p-7882-black-walnut-cutting-charcuterie-board p-7881-black-walnut-cutting-charcuterie-board-large
DUPLICATE_RISK;CM754;PRODUCT;Walnut Double Row Challenge Coin Display;CM754;p-8218-walnut-double-row-challenge-coin-display p-8220-walnut-quadruple-row-challenge-coin-display p-8222-walnut-triple-row-challenge-coin-display p-8222-walnut-triple-row-challenge-coin-display p-8220-walnut-quadruple-row-challenge-coin-display p-8218-walnut-double-row-challenge-coin-display
DUPLICATE_RISK;CM810*;PRODUCT;Perpetual Corporate Cup;CM810*;p-8131-perpetual-corporate-cup p-8131-perpetual-corporate-cup
DUPLICATE_RISK;CM810EZ*;PRODUCT;Perpetual Corporate Cup EZ Perpetual;CM810EZ*;p-8130-perpetual-corporate-cup-with-perpetual-plates p-8130-perpetual-corporate-cup-with-perpetual-plates
DUPLICATE_RISK;CM813;PRODUCT;Tahoe Tumbler Powder Coated Beverage Can Holder;CM813;p-8888-tahoe-tumbler-powder-coated-beverage-can-holder p-8888-tahoe-tumbler-powder-coated-beverage-can-holder
DUPLICATE_RISK;CM816*;PRODUCT;Powder Coated Tumbler;CM816*;p-8853-powder-coated-tumbler-small p-8854-powder-coated-tumbler-large p-8854-powder-coated-tumbler-large p-8853-powder-coated-tumbler-small
DUPLICATE_RISK;CM817*;PRODUCT;Powder Coated Travel Water Bottle;CM817*;p-8852-powder-coated-travel-water-bottle p-8852-powder-coated-travel-water-bottle
DUPLICATE_RISK;CM818*;PRODUCT;Powder Coated Travel Water Bottle;CM818*;p-8852-powder-coated-travel-water-bottle p-8852-powder-coated-travel-water-bottle
DUPLICATE_RISK;CM824;PRODUCT;Engraved Leatherette Jewelry Box;CM824;p-8671-engraved-leatherette-jewelry-box p-8671-engraved-leatherette-jewelry-box
DUPLICATE_RISK;CM826;PRODUCT;Black/Silver Engraved Leatherette Wallet with Stra;CM826;p-8672-engraved-leatherette-wallet-wstrap p-8672-engraved-leatherette-wallet-wstrap
DUPLICATE_RISK;DCC3001BEB;PRODUCT;Choice of Digi-Color Plate on Economy Board;DCC3001B*;p-8730-choice-of-digi-large p-8730-choice-of-digi-large
DUPLICATE_RISK;GI513A;PRODUCT;Optic Crystal Gemstone Award - Small;GI513A;p-5509-blue-optic-crystal-gemstone-award p-8768-green-optic-crystal-gemstone-award p-8768-green-optic-crystal-gemstone-award p-5509-blue-optic-crystal-gemstone-award
DUPLICATE_RISK;GI513B;PRODUCT;Optic Crystal Gemstone Award - Medium;GI513B;p-5509-blue-optic-crystal-gemstone-award p-8768-green-optic-crystal-gemstone-award p-8768-green-optic-crystal-gemstone-award p-5509-blue-optic-crystal-gemstone-award
DUPLICATE_RISK;GI513C;PRODUCT;Optic Crystal Gemstone Award - Tall;GI513C;p-5509-blue-optic-crystal-gemstone-award p-8768-green-optic-crystal-gemstone-award p-8768-green-optic-crystal-gemstone-award p-5509-blue-optic-crystal-gemstone-award
DUPLICATE_RISK;GI515;PRODUCT;Curved Beveled-Top Crystal with Bowed Glass Accent;GI515;p-5484-blue-curved-beveled p-5433-black-curved-beveled p-8765-green-curved-beveled p-8765-green-curved-beveled p-5484-blue-curved-beveled p-5433-black-curved-beveled
DUPLICATE_RISK;GI595;PRODUCT;Clear Glass with Bold Black Crystal Accent;GI595;p-8734-clear-glass-with-bold-green-crystal-accent p-5600-clear-glass-with-bold-black-crystal-accent p-8733-clear-glass-with-bold-blue-crystal-accent p-5603-clear-glass-with-bold-red-crystal-accent p-8734-clear-glass-with-bold-green-crystal-accent p-8733-clear-glass-with-bold-blue-crystal-accent p-5603-clear-glass-with-bold-red-crystal-accent p-5600-clear-glass-with-bold-black-crystal-accent
DUPLICATE_RISK;GI603;PRODUCT;3 Tier Glass Tower - Amber;GI603;p-5337-3-tier-glass-tower-award-amber p-5338-3-tier-glass-tower-blue-award p-5338-3-tier-glass-tower-blue-award p-5337-3-tier-glass-tower-award-amber
DUPLICATE_RISK;GI608;PRODUCT;Clear and Black Crystal Jewel-Cut Pillar  (Includes Silver Color-Fill on Black);GI608;p-5669-crystal-towers-w-white-jewel-cut-pillar p-5668-crystal-towers-w-black-jewel-cut-pillar p-5669-crystal-towers-w-white-jewel-cut-pillar p-5668-crystal-towers-w-black-jewel-cut-pillar
DUPLICATE_RISK;GI638;PRODUCT;Clear Crystal Chisel Carve;GI638;p-5569-chisel-carved-with-reflective-red-bottom-award p-5567-chisel-carved-with-reflective-gold-bottom-award p-5593-clear-crystal-chisel-carve-award p-8727-chisel-carved-reflective-blue-bottom-award p-8728-chisel-carved-reflective-green-bottom-award p-5565-chisel-carved-with-reflective-black-bottom-award p-8728-chisel-carved-reflective-green-bottom-award p-8727-chisel-carved-reflective-blue-bottom-award p-5593-clear-crystal-chisel-carve-award p-5569-chisel-carved-with-reflective-red-bottom-award p-5567-chisel-carved-with-reflective-gold-bottom-award p-5565-chisel-carved-with-reflective-black-bottom-award
DUPLICATE_RISK;GI672;PRODUCT;Angular Clear/Blue Glass;GI672;p-7838-angular-clearblue-glass-award p-7837-angular-clearblack-glass-award p-7838-angular-clearblue-glass-award p-7837-angular-clearblack-glass-award
DUPLICATE_RISK;GI673;PRODUCT;Clear Crystal with Blue & Black Crystal Accents;GI673;p-7931-clear-crystal-with-blue-black-crystal-accents p-7932-clear-crystal-with-red-black-crystal-accents p-7930-clear-crystal-with-black-crystal-accents p-7932-clear-crystal-with-red-black-crystal-accents p-7931-clear-crystal-with-blue-black-crystal-accents p-7930-clear-crystal-with-black-crystal-accents
DUPLICATE_RISK;GI836;PRODUCT;Crystal Triangular Stackable Add on w/ Acrylic Connector;GI836;p-8670-crystal-triangular-stackable-add p-8670-crystal-triangular-stackable-add
DUPLICATE_RISK;GM690;PRODUCT;Crystal Tower with Golfer;GM690;p-7963-crystal-golfer-tower-award p-7963-crystal-golfer-tower-award
DUPLICATE_RISK;GM691;PRODUCT;Orbital Metal Golfer on Clear Crystal Base;GM691;p-8127-orbital-metal-golfer-award p-8127-orbital-metal-golfer-award
DUPLICATE_RISK;GM805;PRODUCT;Blue Teardrop Art Glass;GM805;p-7898-blue-teardrop-art-glass p-8158-red-teardrop-art-glass p-8067-green-teardrop-art-glass p-8158-red-teardrop-art-glass p-8067-green-teardrop-art-glass p-7898-blue-teardrop-art-glass
NEW;C0501A;PRODUCT;Beveled Lucite Fin on Marble Base;C0501A;
NEW;C0501B;PRODUCT;Beveled Lucite Fin on Marble Base;C0501B;
NEW;C0612;PRODUCT;Enterprise Large Blue Dynasty Award;C0612;
NEW;C3506;PRODUCT;Metal Swirl Certificate Plaque;C3506;
NEW;C4804;PRODUCT;Walnut Finish Certificate Frame;C4804;
NEW;CA12;PRODUCT;Patina Star Single Wave Jade Lucite on Base;CA12;
NEW;CD1029A;PRODUCT;Pinstripe Plaque - Small;CD1029A;
NEW;CD1029B;PRODUCT;Pinstripe Plaque - Large;CD1029B;
NEW;CD1063;PRODUCT;Bowed Metal Star Gold;CD1062;
NEW;CD1064;PRODUCT;Silver Star Tower;CD1064;
NEW;CD1066;PRODUCT;Elmwood Log Coaster;CD1066;
NEW;CD1070;PRODUCT;Small Star Illumination award;CD1070;
NEW;CD1071;PRODUCT;Large Star Illumination award;CD1071;
NEW;CD1072;PRODUCT;Flame Illumination award;CD1072;
NEW;CD1073;PRODUCT;Spotlight illumination award;CD1073;
NEW;CD1074;PRODUCT;Lightbulb illumination award;CD1074;
NEW;CD1075A;PRODUCT;Stackable Clear Acrylic Block;CD1075A;
NEW;CD1075B;PRODUCT;Stackable Clear Acrylic Block;CD1075B;
NEW;CD1075C;PRODUCT;Stackable Clear Acrylic Block;CD1075C;
NEW;CD1075W;PRODUCT;Stackable Clear Acrylic Block;CD1075W;
NEW;CD1076;PRODUCT;Stackable Clear Acrylic Block Top;CD1076;
NEW;CD1077;PRODUCT;Stackable Blank Double Aluminum Base, Silver;CD1077;
NEW;CD1078A;PRODUCT;Stackable Award Aluminum Wide Bar;CD1078A;
NEW;CD1078B;PRODUCT;Stackable Award Black Acrylic Wide Bar;CD1078B;
NEW;CD1078C;PRODUCT;Stackable Award Clear Acrylic Wide Bar;CD1078C;
NEW;CD1078W;PRODUCT;Stackable Award White Acrylic Wide Bar;CD1078W;
NEW;CD1079;PRODUCT;Stackable Award Clear Acrylic Wide Block Bottom;CD1079;
NEW;CD1080;PRODUCT;Tic Tac Toe Acrylic Game;CD1080;
NEW;CD1084;PRODUCT;Square acrylic illumination award;CD1084;
NEW;CD1085;PRODUCT;Acrylic Circle illumination award;CD1085;
NEW;CD1086;PRODUCT;Rectangle Illumination Award;CD1086;
NEW;CD1087;PRODUCT;Acrylic Illumination Shield Award;CD1087;
NEW;CD1100A;PRODUCT;Blue Acrylic Color Drops, Small;CD1100A;
NEW;CD1100B;PRODUCT;Blue Acrylic Color Drops, Med;CD1100B;
NEW;CD1100C;PRODUCT;Blue Acrylic Color Drops, Large;CD1100C;
NEW;CD1103C;PRODUCT;Black Diamond Carve, Lrg;CD1103C;
NEW;CD1265;PRODUCT;Circular Window Acrylic Award;CD1265;
NEW;CD1266;PRODUCT;High Five Acrylic Shape on a Base Award;CD1266;
NEW;CD1267;PRODUCT;High Five Acrylic Shape with a Sandwich Base Award;CD1267;
NEW;CD1269;PRODUCT;Acrylic Awareness Ribbon Tablet Award;CD1269;
NEW;CD1275;PRODUCT;Skewed Success Acrylic Award;CD1275;
NEW;CD1280;PRODUCT;Diamond Swoop Acrylic Award;CD1280;
NEW;CD1285;PRODUCT;Abstract Cut Acrylic Award;CD1285;
NEW;CD1290;PRODUCT;Mountain View Acrylic Award;CD1290;
NEW;CD1291;PRODUCT;Acrylic Flatbed Truck Award on Slanted Base;CD1291;
NEW;CD1294;PRODUCT;Acrylic Flatbed Truck Award on Base;CD1294;
NEW;CD1295;PRODUCT;Contempo Heart Acrylic Award;CD1295;
NEW;CD1296;PRODUCT;Contempo Heart Acrylic Award;CD1296;
NEW;CD1297;PRODUCT;Oil Tanker Truck Award on Base;CD1297;
NEW;CD1299;PRODUCT;Acrylic Flatbed Truck Award with Backer;CD1299;
NEW;CD1300;PRODUCT;Key Acrylic Award;CD1300;
NEW;CD1305;PRODUCT;Carved House Acrylic Award;CD1305;
NEW;CD1310;PRODUCT;Feather Cut Acrylic Award ;CD1310;
NEW;CD1315;PRODUCT;Colorful Diamond Shaped Acrylic Award ;CD1315;
NEW;CD1325;PRODUCT;Clear Gem Acrylic Award with Peg;CD1325;
NEW;CD1335;PRODUCT;Colorful Gem Acrylic Wall Plaque;CD1335;
NEW;CD1345;PRODUCT;Skewed Star Acrylic Award;CD1345;
NEW;CD1355;PRODUCT;Hexagon Acrylic Award on a Base ;CD1355;
NEW;CD1360;PRODUCT;Star Acrylic Award with Pin Stand;CD1360;
NEW;CD1361;PRODUCT;Hexagon Freestanding Acrylic Award;CD1361;
NEW;CD1362;PRODUCT;Pentagon Freestanding Acrylic Award;CD1362;
NEW;CD1363;PRODUCT;Oblong Octagon Freestanding Acrylic Award;CD1363;
NEW;CD1364;PRODUCT;Decagon Freestanding Acrylic Award;CD1364;
NEW;CD1365;PRODUCT;Heptagon Freestanding Acrylic Award;CD1365;
NEW;CD1366;PRODUCT;Circle Acrylic Award with Pin Stand;CD1366;
NEW;CD1367;PRODUCT;Square Acrylic Award with Pin Stand;CD1367;
NEW;CD1368;PRODUCT;Rectangle Vertical Acrylic Award with Pin Stand ;CD1368;
NEW;CD1369;PRODUCT;Rectangle Horizontal Acrylic Award with Pin Stand ;CD1369;
NEW;CD1370;PRODUCT;Translucent Eggshell Acrylic Paperweight ;CD1370;
NEW;CD1375;PRODUCT;Rising Excellence Acrylic Award;CD1375;
NEW;CD1380;PRODUCT;Translucent Eggshell Acrylic Paperweight ;CD1380;
NEW;CD1390;PRODUCT;Notched Corner Acrylic Paperweight;CD1390;
NEW;CD1399;PRODUCT;Build- A-Base Magnet Block Award;CD1399;
NEW;CD1400;PRODUCT;Notched Corner Acrylic Paperweight;CD1400;
NEW;CD1401;PRODUCT;Clear Acrylic Display Signage Bent To Stand;CD1401;
NEW;CD1402;PRODUCT;Clear Acrylic Display Signage  To Stand;CD1402;
NEW;CD1403;PRODUCT;Clear Acrylic Display Signage with Acrylic Feet;CD1403;
NEW;CD1410;PRODUCT;Apple Freestanding Acrylic Award;CD1410;
NEW;CD1500;PRODUCT;Pinnacle Year Acrylic Award ;CD1500;
NEW;CD1501;PRODUCT;Laurel Wreath Anniversary Acrylic Award with Pin Single Digit, Double Digit ;CD1501;
NEW;CD1502;PRODUCT;Laurel Wreath Anniversary Acrylic Award on Clear Base Single Digit, Double Digit;CD1502;
NEW;CD1503;PRODUCT;Anniversary Achievement Acrylic Award with Pin Single Digit, Double Digit;CD1503;
NEW;CD1504;PRODUCT;Anniversary Achievement Acrylic Award On Base Single Digit, Double Digit;CD1504;
NEW;CD1505;PRODUCT;Anniversary Number Cutout Achievement Acrylic Award On Base;CD1505;
NEW;CD1506;PRODUCT;Titan Anniversary Achievement Acrylic Award Single Digit, Double Digit ;CD1506;
NEW;CD19;PRODUCT;Circle Lucite with Blue Glass Gemstone and Marble Base;CD19;
NEW;CD1900;PRODUCT;Dimensonial Curved Acrylic Award with Silver Facing ;CD1900;
NEW;CD266A;PRODUCT;"¼"" Thick Lucite Wall Plaque with Custom Digi-Color";CD266A;
NEW;CD266B;PRODUCT;"¼"" Thick Lucite Wall Plaque with Custom Digi-Color";CD266B;
NEW;CD266C;PRODUCT;"¼"" Thick Lucite Wall Plaque with Custom Digi-Color";CD266C;
NEW;CD267A;PRODUCT;"3/8"" Thick Lucite Wall Plaque with Custom Digi-Color";CD267A;
NEW;CD267B;PRODUCT;"3/8"" Thick Lucite Wall Plaque with Custom Digi-Color";CD267B;
NEW;CD551;PRODUCT;8 x 10 Black Soft Edge Plaque with Silver Plate;CD551;
NEW;CD559A;PRODUCT;"Laser-Cut Lucite Contour 1/4"" Thick Up To 23 Sq In";CD559A;
NEW;CD561A;PRODUCT;"Laser-Cut Lucite Contour 1/2"" Thick Up To 23 Sq In";CD561A;
NEW;CD562E;PRODUCT;"Laser-Cut Lucite Contour 3/4"" Thick Up To 79 Sq In";CD562E;
NEW;CD572D;PRODUCT;"Layered Laser-Cut Lucite Contour 1/2"" Thick Up To 62 Sq In";CD572D;
NEW;CD572E;PRODUCT;"Layered Laser-Cut Lucite Contour 1/2"" Thick Up To 79 Sq In";CD572E;
NEW;CD572F;PRODUCT;"Layered Laser-Cut Lucite Contour 1/2"" Thick Up To 107 Sq In";CD572F;
NEW;CD690;PRODUCT;Pinnacle Acrylic Flame Award;CD690;
NEW;CD800;PRODUCT;Slanted Peak Acrylic Award ;CD800;
NEW;CD820;PRODUCT;Rosewood Finish 5-Piece Wine Tool Gift Set;CD820;
NEW;CD851;PRODUCT;Silver Plate Mounted Inside Ebony Frame;CD851;
NEW;CD901Y*;PRODUCT;Anniversary Achievement Award, 1 Year;CD901Y*;
NEW;CD908SL;PRODUCT;Star Interlocking Bar, Left;CD908SL;
NEW;CD908SR;PRODUCT;Star Interlocking Bar, Right;CD908SR;
NEW;CD913A*;PRODUCT;Sedona Ridge, Small;CD913A*;
NEW;CD913B*;PRODUCT;Sedona Ridge, Med;CD913B*;
NEW;CD913C*;PRODUCT;Sedona Ridge, Lrg;CD913C*;
NEW;CD943A;PRODUCT;Clear Acrylic Circle on Clear Base;CD943A;
NEW;CD943B;PRODUCT;Clear Acrylic Circle on Clear Base;CD943B;
NEW;CD943C;PRODUCT;Clear Acrylic Circle on Clear Base;CD943C;
NEW;CD950ABS;PRODUCT;Classic Leatherette on Black Plaque - Small;CD950A*;
NEW;CD950AGR;PRODUCT;Classic Leatherette on Black Plaque - Small;CD950A*;
NEW;CD950ARS;PRODUCT;Classic Leatherette on Black Plaque - Small;CD950A*;
NEW;CD950ARW;PRODUCT;Classic Leatherette on Black Plaque - Small;CD950A*;
NEW;CD950BBS;PRODUCT;Classic Leatherette on Black Plaque - Medium;CD950B*;
NEW;CD950BGR;PRODUCT;Classic Leatherette on Black Plaque - Medium;CD950B*;
NEW;CD950BRS;PRODUCT;Classic Leatherette on Black Plaque - Medium;CD950BRS;
NEW;CD950BRW;PRODUCT;Classic Leatherette on Black Plaque - Medium;CD950B*;
NEW;CD950CBS;PRODUCT;Classic Leatherette on Black Plaque - Large;CD950C*;
NEW;CD950CGR;PRODUCT;Classic Leatherette on Black Plaque - Large;CD950C*;
NEW;CD950CRS;PRODUCT;Classic Leatherette on Black Plaque - Large;CD950C*;
NEW;CD950CRW;PRODUCT;Classic Leatherette on Black Plaque - Large;CD950C*;
NEW;CD955;PRODUCT;Frosted Acrylic Oval Cutout on Black Plaque;CD955;
NEW;CD956;PRODUCT;Black Back with Silver Bar on Riser Plaque;CD956;
NEW;CD974;PRODUCT;Florentia Multi-Layer Plaque;CD974;
NEW;CD983BAR;PRODUCT;Black Acrylic Add A Bar;CD983BAR;
NEW;CD990;PRODUCT;Peak Interlock Acrylic Perpetual Award;CD990;
NEW;CERTPA;PRODUCT;Full-Color Certificate Printing;CERTPA;
NEW;CERTPAA;PRODUCT;Full-Color Certificate Printing;CERTPAA;
NEW;CERTPB;PRODUCT;Full-Color Certificate Printing;CERTPB;
NEW;CERTPC;PRODUCT;Full-Color Certificate Printing;CERTPC;
NEW;CERTPD;PRODUCT;Full-Color Certificate Printing;CERTPD;
NEW;CM100;PRODUCT;Layered Star Clear/Alder;CM100;
NEW;CM101;PRODUCT;Layered Star White/Alder;CM101;
NEW;CM102;PRODUCT;Layered Highlight Star;CM102;
NEW;CM103;PRODUCT;Layered Tree;CM103;
NEW;CM104;PRODUCT;Build A Giftbox ;CM104;
NEW;CM105;PRODUCT;Custom Ornaments ;CM105;
NEW;CM261;PRODUCT;Antique Silver Golf Club and Ball on Rosewood Finish Base  with Silver Lasered Plate;CM261;
NEW;CM265A;PRODUCT;Ebony Finish Golf Plaque - Small;CM265A;
NEW;CM265B;PRODUCT;Ebony Finish Golf Plaque - Medium;CM265B;
NEW;CM265C;PRODUCT;Ebony Finish Golf Plaque - Large;CM265C;
NEW;CM331BS;PRODUCT;Leatherette Bottle Opener Keychain;CM331BS;
NEW;CM331DB;PRODUCT;Leatherette Bottle Opener Keychain;CM331*;
NEW;CM331GR;PRODUCT;Leatherette Bottle Opener Keychain;CM331*;
NEW;CM331LB;PRODUCT;Leatherette Bottle Opener Keychain;CM331*;
NEW;CM331PK;PRODUCT;Leatherette Bottle Opener Keychain;CM331*;
NEW;CM331RS;PRODUCT;Leatherette Bottle Opener Keychain;CM331RS;
NEW;CM331RW;PRODUCT;Leatherette Bottle Opener Keychain;CM331*;
NEW;CM405;PRODUCT;Silver Skeleton Clock on Rosewood Piano Base;CM405;
NEW;CM406;PRODUCT;Silver Skeleton Clock in Rosewood Piano Box;CM406;
NEW;CM407;PRODUCT;Walnut Piano Photo Holder and Clock;CM407;
NEW;CM429LB;PRODUCT;Leatherette 3-Piece Wine Set;CM429*;
NEW;CM457;PRODUCT;Crystal Faceted Oval Ornament;CM457;
NEW;CM458;PRODUCT;Clear Glass Beveled Circle Ornament;CM458;
NEW;CM459A;PRODUCT;Glass Mirror Beveled Octagon Ornament;CM459A;
NEW;CM459B;PRODUCT;Glass Mirror Beveled House ornament;CM459B;
NEW;CM463;PRODUCT;Crystal Beveled Star Christmas Ornament;CM463;
NEW;CM467A;PRODUCT;"3"" x 2 3/4""Crystal Heart Shaped Christmas Ornament";CM467A;
NEW;CM467B;PRODUCT;"3"" x 3 1/4"" Crystal Bell Shaped Christmas Ornament";CM467B;
NEW;CM468;PRODUCT;"3"" x 2 3/4"" Crystal Rectangle Christmas Ornament";CM468;
NEW;CM728*;PRODUCT;Polar Camel Insulated Tumbler With Silicone Grip ;CM728*;
NEW;CM729;PRODUCT;Leatherette bottle opener and coaster;CM729;
NEW;CM732;PRODUCT;Polar Camel Insulated Tumbler with Leatherette Grip;CM732;
NEW;CM733;PRODUCT;Leatherette flask with Shot Glasses, Light Brown;CM733;
NEW;CM735;PRODUCT;Leatherette tray with corner buttons that snap sides in place. This tray  is perfect for holding keys, change, and more! Laser imprint with your logo or message. Personalization available for an additional charge. Please Specify: Black/Silver (BS), Blue/S;CM735;
NEW;CM736A;PRODUCT;Polar Camel Slider Lid 12 oz 14 oz or 16 oz;CM736A;
NEW;CM736B;PRODUCT;Polar Camel Slider Lid 10 oz or 20oz;CM736B;
NEW;CM736C;PRODUCT;Polar Camel Sider Lip 30 oz;CM736C;
NEW;CM741;PRODUCT;Snowflake Acrylic Christmas Ornament ;CM741;
NEW;CM742;PRODUCT;Oval Acrylic Christmas Ornament;CM742;
NEW;CM743;PRODUCT;Hexagon Acrylic Christmas Ornament;CM743;
NEW;CM761A;PRODUCT;Acrylic Gingerbread Man Christmas Ornament;CM761A;
NEW;CM761B;PRODUCT;Acrylic Gingerbread Woman Christmas Ornament;CM761B;
NEW;CM762;PRODUCT;Acrylic Snow Globe Christmas Ornament ;CM762;
NEW;CM763;PRODUCT;Acrylic Holiday Tree Christmas Ornament;CM763;
NEW;CM764;PRODUCT;Acrylic Snowman Christmas Ornament ;CM764;
NEW;CM765;PRODUCT;Acrylic Holiday Gift Box Christmas Ornament ;CM765;
NEW;CM770;PRODUCT;Holiday Tree Leatherette Christmas Ornament ;CM770;
NEW;CM771;PRODUCT;Round Leatherette Christmas Ornament;CM771;
NEW;CM811*;PRODUCT;Perpetual Corporate Cup, Gold;CM811*;
NEW;CM811EZ*;PRODUCT;Perpetual Corporate Cup EZ Perpetual Gold;CM811EZ*;
NEW;CM815*;PRODUCT;20 oz Polar Camel Travel Mug, Blue;CM815*;
NEW;CMFLN;PRODUCT;Silver Steel Funnel;CMFLN;
NEW;CPH01;PRODUCT;Custom Phone Holder up to 20 Sq.Inches;CPH01;
NEW;DCCD550;PRODUCT;Acrylic Overlay on Ebony Board Plaque;DCCD550;
NEW;DCCD850;PRODUCT;Acrylic Mounted Inside Ebony Frame Plaque;DCCD850;
NEW;DCG0555;PRODUCT;Clear Digi Color Glass with Easel;DCG0555;
NEW;DSP1;PRODUCT;"Floating coin plastic holder with clear acetate film with black frame. A perfection compaion for 2 1/8"" Challenge Coins. It is a great way to display coins earned.";DSP1;
NEW;EP1;PRODUCT;Walnut Finish 12-Plt Scroll Border Plaque with Easy Perpetual Plate Release Program;EP1;
NEW;EP1PK;PRODUCT;"Walnut Finish 12-Plt Scroll Border Plaque  with Easy Perpetual Plate Release Program and 12 Individual 5"" x 7"" Companion Plaques";EP1PK;
NEW;EP270;PRODUCT;Clear Acrylic Easy Perpetual Plaque;EP270;
NEW;EP271;PRODUCT;Clear Acrylic Easy Perpetual Plaque;EP271;
NEW;EP272;PRODUCT;Clear Acrylic Easy Perpetual Plaque;EP272;
NEW;EP2MAG;PRODUCT;Walnut Finish 13-Plt Magnetic Scroll Border Photo Plaque  with Easy Perpetual Plt Release Program;EP2MAG;
NEW;EP5MAG;PRODUCT;Rosewood Piano 12-Plt Magnetic Pearl Border Plaque  with Easy Perpetual Plt Release Program;EP5MAG;
NEW;EP737;PRODUCT;Rosewood Piano 24-Plate Pearl Border Plaque  with Easy Perpetual Plate Release Program;EP737;
NEW;EP737MAG;PRODUCT;Rosewood Piano 24-Plt Magnetic Pearl Border Plaque  with Easy Perpetual Plt Release Program;EP737MAG;
NEW;G0821;PRODUCT;Optic Crystal Oval Wave Column on Base;G0821;
NEW;G0832A;PRODUCT;Golf Ball Tower;G0832A;
NEW;G0832B;PRODUCT;Golf Ball Tower;G0832B;
NEW;G0832C;PRODUCT;Golf Ball Tower;G0832C;
NEW;G0833;PRODUCT;Flat-Front Crystal Golf Ball;G0833;
NEW;G0834A;PRODUCT;Crystal Golf Driver Head;G0834A;
NEW;G0834B;PRODUCT;Crystal Golf Driver Head;G0834B;
NEW;G0834C;PRODUCT;Crystal Golf Driver Head;G0834C;
NEW;G0835A;PRODUCT;Crystal Driver on Tall Base;G0835A;
NEW;G0835B;PRODUCT;Crystal Driver on Tall Base;G0835B;
NEW;G0835C;PRODUCT;Crystal Driver on Tall Base;G0835C;
NEW;G0836;PRODUCT;Optic Crystal Golf Ball on Tall Base (Unattached);G0836;
NEW;G0861;PRODUCT;Square Glass Decanter Set with Four 11 Oz.. Glasse;G0861;
NEW;G0862;PRODUCT;Rectangle Glass Decanter Set with Four  8 oz.. Gla;G0862;
NEW;G0863;PRODUCT;Round Glass Decanter Set with Four  9 oz. Glasses;G0863;
NEW;G0977;PRODUCT;Clear Faceted Crystal Keychain;G0977;
NEW;G0978;PRODUCT;Clear Rectangle Keychain;G0978;
NEW;GBAR;PRODUCT;Optional Aluminum Achievement Bar  (Includes FREE 1-Color Screen Text Set-up);GBAR;
NEW;GI1000;PRODUCT;Large clear triangular votive holder.;GI1000;
NEW;GI1001;PRODUCT;Crystal Triangular Votive Holder;GI1001;
NEW;GI12;PRODUCT;Clear Crystal Star Award on a Blue Crystal Base;GI850;
NEW;GI2000;PRODUCT;Optic Crystal Towers Elevation Award;GI2000;
NEW;GI310BAR;PRODUCT;Blue Glass Bar with Silver Color-Fill (Includes FREE Text Set-up);GI310BAR;
NEW;GI310BARK;PRODUCT;Black Glass Bar with Silver Color-Fill (Includes FREE Text Set-up);GI310BARK;
NEW;GI570;PRODUCT;Optic Clear and Blue Crystal on Clear Base (Includes Sandblast in 2 Locations and Silver Color-Fill on Blue);GI570;
NEW;GI623;PRODUCT;Freestanding Glass Trapezoid Award;GI623;
NEW;GI624;PRODUCT;Arch Shaped Glass on Black Glass Base Award;GI624;
NEW;GI625;PRODUCT;Beveled Glass Top On Blue Art Glass Base Award;GI625;
NEW;GI626;PRODUCT;Peak Shaped Glass Top On Blue Art Glass Base Award ;GI626;
NEW;GI627;PRODUCT;Curved Glass Sandwiched Between Black Glass Bases Award;GI627;
NEW;GI665A;PRODUCT;Crystal Faceted Block Tower - Small;GI665A;
NEW;GI665B;PRODUCT;Crystal Faceted Block Tower - Medium;GI665B;
NEW;GI665C;PRODUCT;Crystal Faceted Block Tower - Large;GI665C;
NEW;GI835;PRODUCT;Large clear Crystal stackable tower component includes one side of engraving. Sandblast/Colorfilled as pictured. ;GI835;
NEW;GI845;PRODUCT;Optic Crystal Wedge Award with Abstract Stripes Background;GI845;
NEW;GI850;PRODUCT;Optic Crystal Diamond Tower Award With Crystal Spires on a Black Crystal Base;GI12;
NEW;GM427;PRODUCT;Optic Crystal Faceted Arch on Black Glass Base;GM427;
NEW;GM450;PRODUCT;"5"" x 5"" x .375""Jade Glass Circle Award with Peg Stand";GM450;
NEW;GM544B;PRODUCT;Faceted Crystal Circle-Topped Tower  (Includes Sandblast in 2 Locations);GM544B;
NEW;GM560;PRODUCT;"Crystal Wave Award with Silver Star on Black 9.25""";GM560;
NEW;GM634;PRODUCT;Optic Crystal Arch Over Globe on Black Glass Base;GM634;
NEW;GM635;PRODUCT;Optic Crystal Pillar Column with Globe;GM635;
NEW;GM654;PRODUCT;Diamond-Cut Clear Crystal on Black Base  (Includes Sandblast and Color-Fill on Base);GM654;
NEW;GM655;PRODUCT;Faceted Crystal Spearhead on Black Base  (Includes Sandblast and Color-Fill on Base);GM655;
NEW;GM686;PRODUCT;Crystal Wedge Billboard with Golf Ball and Tee;GM686;
NEW;GM687;PRODUCT;Crystal Oval with Golfer on Green Base;GM687;
NEW;GM688A;PRODUCT;Crystal Crossed-Golf Clubs on Black Base (Includes Sandblast and Silver Color-Fill on Base);GM688A;
NEW;GM688B;PRODUCT;Crystal Crossed-Golf Clubs on Black Base (Includes Sandblast and Silver Color-Fill on Base);GM688B;
NEW;GM688C;PRODUCT;Crystal Crossed-Golf Clubs on Black Base (Includes Sandblast and Silver Color-Fill on Base);GM688C;
NEW;GM689;PRODUCT;Crystal Golf Ball on Faceted Tower;GM689;
NEW;GM697;PRODUCT;Crystal Loving Cup;GM697;
NEW;GM700;PRODUCT;Stunning Vase Resting on Black Ebony Base  (Unattached) with Black Lasered Plate;GM700;
NEW;GM761;PRODUCT;6-1/2 x 6 x 2-3/4 Red Art Glass Heart on Black Gla;GM761;
NEW;GM770;PRODUCT;"Jade Glass Circle Award on Arched Metal Base 6.5"" ";GM770;
NEW;GM784A;PRODUCT;Crystal Flame Set in Polished Metal on a Black Crystal Base;GM784A;
NEW;GM784B;PRODUCT;Crystal Flame Set in Polished Metal on a Black Crystal Base;GM784B;
NEW;GM792;PRODUCT;Tower of Faceted Crystal;GM792;
NEW;GM793A;PRODUCT;Circular glass on a polished silver and black glass deco base;GM793A;
NEW;GM793B;PRODUCT;Circular glass on a polished silver and black glass deco base;GM793B;
NEW;GM794;PRODUCT;Blue Water Splash Glass on a Black Base;GM794;
NEW;GM795;PRODUCT;Embrace of Blue and Copper Colors on a Black Base;GM795;
NEW;GM796;PRODUCT;Twisted Rainbow Swirl Glass on a Black Base;GM796;
NEW;GM797;PRODUCT;Faceted Rainbow Drop on a Black Base;GM797;
NEW;GM798ABK;PRODUCT;Small Crystal Black Diamond ;GM798A;
NEW;GM798ABL;PRODUCT;Small Crystal Blue Diamond;GM798A*;
NEW;GM798BBK;PRODUCT;Large Crystal Black Diamond;GM798B*;
NEW;GM798BBL;PRODUCT;Large Crystal Blue Diamond ;GM798B;
NEW;GM799ABK;PRODUCT;Small Beveled Oval, Black ;GM799A;
NEW;GM799ABL;PRODUCT;Small Beveled Oval, Blue;GM799A;
NEW;GM799BBK;PRODUCT;Large Beveled Oval, Black;GM799B;
NEW;GM799BBL;PRODUCT;Large Beveled Oval, Blue;GM799B;
NEW;GM800A;PRODUCT;Spotlight Crystal, Small;GM800A;
NEW;GM800B;PRODUCT;Spotlight Crystal, Med;GM800B;
NEW;GM800C;PRODUCT;Spotlight Crystal, Large;GM800C;
NEW;GM810;PRODUCT;Slant Top Glass Award with Black Riser;GM810;
NEW;GM819;PRODUCT;Elegant Diamond Crystal Award with Black Accents on Clear Bases;GM819;
NEW;GM850;PRODUCT;Polygon Shaped Clear Crystal Award;GM850;
NEW;GM851;PRODUCT;Straight Angle Top Shaped Clear Crystal Award;GM851;
NEW;GM853;PRODUCT;Horizontal Octagon Shaped Crystal Award on Faceted Prism Uprights on A Clear Base;GM853;
NEW;GM900;PRODUCT;Elegant Clear Crystal Cathedral Award with Black Accents on a Black Crystal Base;GM900;
NEW;GM910;PRODUCT;Slant Top Crystal Award with Wood Edge Imprint;GM910;
NEW;GM911;PRODUCT;Crystal Wave Award with Wood Edge Imprint ;GM911;
NEW;GNS113;PRODUCT;Faceted Crystal Rose Bowl;GNS113;
NEW;GNS175;PRODUCT;Slant Candy Bowl;GNS175;
NEW;GNS176;PRODUCT;Crystalline Candy Jar with Lid (Lead-Free);GNS176;
NEW;GNS179A;PRODUCT;18 Wheeler Truck - Small;GNS179A;
NEW;GNS179B;PRODUCT;18 Wheeler Truck - Med;GNS179B;
NEW;GNS179C;PRODUCT;18 Wheeler Truck, Large;GNS179C;
NEW;GNS182A;PRODUCT;Gem-Cut Optic Ellipse - Small;GNS182A;
NEW;GNS182B;PRODUCT;Gem-Cut Optic Ellipse - Medium;GNS182B;
NEW;GNS182C;PRODUCT;Gem-Cut Optic Ellipse - Large;GNS182C;
NEW;OVBARG;PRODUCT;Black and Silver Cloisonné Oval Date Bar-Adhesive (Includes FREE Text Set-up);OVBARG;
NOT_IMPORTABLE;C023;NO_PRODUCT_DATA;;C023;
NOT_IMPORTABLE;C072;NO_PRODUCT_DATA;;C072;
NOT_IMPORTABLE;C075;NO_PRODUCT_DATA;;C075;
NOT_IMPORTABLE;C076;NO_PRODUCT_DATA;;C076;
NOT_IMPORTABLE;C0812;NO_PRODUCT_DATA;;C0812;
NOT_IMPORTABLE;C3450;NO_PRODUCT_DATA;;C3450;
NOT_IMPORTABLE;C612LB;NO_PRODUCT_DATA;;C612LB;
NOT_IMPORTABLE;C750;NO_PRODUCT_DATA;;C750;
NOT_IMPORTABLE;CD1024;NO_PRODUCT_DATA;;CD1024;
NOT_IMPORTABLE;CD1028;NO_PRODUCT_DATA;;CD1028;
NOT_IMPORTABLE;CD1036;NO_PRODUCT_DATA;;CD1036;
NOT_IMPORTABLE;CD1037;NO_PRODUCT_DATA;;CD1037;
NOT_IMPORTABLE;CD1051;NO_PRODUCT_DATA;;CD1051;
NOT_IMPORTABLE;CD1052;NO_PRODUCT_DATA;;CD1052;
NOT_IMPORTABLE;CD1053;NO_PRODUCT_DATA;;CD1053;
NOT_IMPORTABLE;CD1065;NO_PRODUCT_DATA;;CD1065;
NOT_IMPORTABLE;CD1200*;NO_PRODUCT_DATA;;CD1200*;
NOT_IMPORTABLE;CD1215;NO_PRODUCT_DATA;;CD1215;
NOT_IMPORTABLE;CD1217;NO_PRICE;"7½"" x 11 7/8"" x 3"" Blue Cascade Curved Acrylic Award";CD1217;
NOT_IMPORTABLE;CD1218;NO_PRODUCT_DATA;;CD1218;
NOT_IMPORTABLE;CD1235;NO_PRODUCT_DATA;;CD1235;
NOT_IMPORTABLE;CD1236;NO_PRODUCT_DATA;;CD1236;
NOT_IMPORTABLE;CD1236CU;NO_PRODUCT_DATA;;CD1236CU;
NOT_IMPORTABLE;CD1248;NO_PRODUCT_DATA;;CD1248;
NOT_IMPORTABLE;CD1249;NO_PRODUCT_DATA;;CD1249;
NOT_IMPORTABLE;CD1252;NO_PRODUCT_DATA;;CD1252;
NOT_IMPORTABLE;CD1256;NO_PRODUCT_DATA;;CD1256;
NOT_IMPORTABLE;CD1264;NO_PRODUCT_DATA;;CD1264;
NOT_IMPORTABLE;CD225;NO_PRODUCT_DATA;;CD225;
NOT_IMPORTABLE;CD226;NO_PRODUCT_DATA;;CD226;
NOT_IMPORTABLE;CD301A;NO_PRICE;Flying Eagle on Rosewood Finish Base, Small;CD301B;
NOT_IMPORTABLE;CD301B;NO_PRICE;Flying Eagle on Rosewood Finish Base, Small;CD301B;
NOT_IMPORTABLE;CD313;NO_PRODUCT_DATA;;CD313;
NOT_IMPORTABLE;CD41;NO_PRODUCT_DATA;;CD41;
NOT_IMPORTABLE;CD414*;NO_PRICE;Blue Marble Florentine Plate on Ebony Board;CD414*;
NOT_IMPORTABLE;CD547A;NO_PRODUCT_DATA;;CD547A;
NOT_IMPORTABLE;CD549;NO_PRODUCT_DATA;;CD549;
NOT_IMPORTABLE;CD603;NO_PRODUCT_DATA;;CD603;
NOT_IMPORTABLE;CD663;NO_PRODUCT_DATA;;CD663;
NOT_IMPORTABLE;CD664;NO_PRODUCT_DATA;;CD664;
NOT_IMPORTABLE;CD852;NO_PRODUCT_DATA;;CD852;
NOT_IMPORTABLE;CD854;NO_PRODUCT_DATA;;CD854;
NOT_IMPORTABLE;CD882;NO_PRODUCT_DATA;;CD882;
NOT_IMPORTABLE;CD907;NO_PRODUCT_DATA;;CD907;
NOT_IMPORTABLE;CD911;NO_PRODUCT_DATA;;CD911;
NOT_IMPORTABLE;CD912;NO_PRODUCT_DATA;;CD912;
NOT_IMPORTABLE;CD929;NO_PRODUCT_DATA;;CD929;
NOT_IMPORTABLE;CD947;NO_PRODUCT_DATA;;CD947;
NOT_IMPORTABLE;CD973;NO_PRODUCT_DATA;;CD973;
NOT_IMPORTABLE;CM224;NO_PRODUCT_DATA;;CM224;
NOT_IMPORTABLE;CM263;NO_PRODUCT_DATA;;CM263;
NOT_IMPORTABLE;CM264;NO_PRODUCT_DATA;;CM264;
NOT_IMPORTABLE;CM401;NO_PRODUCT_DATA;;CM401;
NOT_IMPORTABLE;CM402;NO_PRODUCT_DATA;;CM402;
NOT_IMPORTABLE;CM404;NO_PRODUCT_DATA;;CM404;
NOT_IMPORTABLE;CM417;NO_PRODUCT_DATA;;CM417;
NOT_IMPORTABLE;CM725;NO_PRODUCT_DATA;;CM725;
NOT_IMPORTABLE;CM737*;NO_PRICE;Polar Camel Slim Insulated Beverage Holder;CM737*;
NOT_IMPORTABLE;CM740;NO_PRICE;Round Acrylic Christmas Ornament;CM740;
NOT_IMPORTABLE;CM814;NO_PRODUCT_DATA;;CM814;
NOT_IMPORTABLE;DCC0500;NO_PRODUCT_DATA;;DCC0500;
NOT_IMPORTABLE;DCCD332;NO_PRODUCT_DATA;;DCCD332;
NOT_IMPORTABLE;DCCD520;NO_PRODUCT_DATA;;DCCD520;
NOT_IMPORTABLE;DCCD944;NO_PRODUCT_DATA;;DCCD944;
NOT_IMPORTABLE;DCGI541;NO_PRODUCT_DATA;;DCGI541;
NOT_IMPORTABLE;DCGI544;NO_PRODUCT_DATA;;DCGI544;
NOT_IMPORTABLE;EP1MAG;NO_PRICE;Walnut Finish 12-Plt Magnetic Scroll Border Plaque  with Easy Perpetual Plt Release Program;EP1MAG;
NOT_IMPORTABLE;EP1PKMAG;NO_PRICE;"Walnut Finish 12-Plt Magnetic Scroll Border Plaque  with Easy Perpetual Plt Release Program and 12 Individual 5"" x 7"" Companion Plaques";EP1PKMAG;
NOT_IMPORTABLE;EP720MAG;NO_PRICE;Dark Walnut Finish 144-Plt Magnetic Scroll Border Plaque  with Easy Perpetual Plt Release Program;EP720MAG;
NOT_IMPORTABLE;EP730MAGP;NO_PRICE;Genuine Walnut 18-Plt Magnetic Pearl or Blue Border Plaque  with Easy Perpetual Plt Release Program;EP730MAG*;
NOT_IMPORTABLE;EP732B;NO_PRICE;Genuine Walnut 48-Plate Pearl or Blue Border Plaque  with Easy Perpetual Plate Release Program;EP732*;
NOT_IMPORTABLE;EP732MAGB;NO_PRICE;Genuine Walnut 48-Plt Magnetic Pearl or Blue Border Plaque  with Easy Perpetual Plt Release Program;EP732MAG*;
NOT_IMPORTABLE;G0500;NO_PRODUCT_DATA;;G0500;
NOT_IMPORTABLE;G0661;NO_PRODUCT_DATA;;G0661;
NOT_IMPORTABLE;G0985;NO_PRODUCT_DATA;;G0985;
NOT_IMPORTABLE;G0986;NO_PRODUCT_DATA;;G0986;
NOT_IMPORTABLE;G0988;NO_PRODUCT_DATA;;G0988;
NOT_IMPORTABLE;GI29;NO_PRODUCT_DATA;;GI29;
NOT_IMPORTABLE;GI512;NO_PRODUCT_DATA;;GI512;
NOT_IMPORTABLE;GI581;NO_PRODUCT_DATA;;GI581;
NOT_IMPORTABLE;GI583Y;NO_PRODUCT_DATA;;GI583Y;
NOT_IMPORTABLE;GI630;NO_PRODUCT_DATA;;GI630;
NOT_IMPORTABLE;GI640;NO_PRODUCT_DATA;;GI640;
NOT_IMPORTABLE;GI654;NO_PRODUCT_DATA;;GI654;
NOT_IMPORTABLE;GI664;NO_PRODUCT_DATA;;GI664;
NOT_IMPORTABLE;GI671;NO_PRODUCT_DATA;;GI671;
NOT_IMPORTABLE;GI674;NO_PRODUCT_DATA;;GI674;
NOT_IMPORTABLE;GI838;NO_PRODUCT_DATA;;GI838;
NOT_IMPORTABLE;GI839;NO_PRODUCT_DATA;;GI839;
NOT_IMPORTABLE;GI840;NO_PRODUCT_DATA;;GI840;
NOT_IMPORTABLE;GI842;NO_PRODUCT_DATA;;GI842;
NOT_IMPORTABLE;GI843;NO_PRODUCT_DATA;;GI843;
NOT_IMPORTABLE;GI844;NO_PRODUCT_DATA;;GI844;
NOT_IMPORTABLE;GM401;NO_PRODUCT_DATA;;GM401;
NOT_IMPORTABLE;GM405;NO_PRODUCT_DATA;;GM405;
NOT_IMPORTABLE;GM409;NO_PRODUCT_DATA;;GM409;
NOT_IMPORTABLE;GM412;NO_PRODUCT_DATA;;GM412;
NOT_IMPORTABLE;GM413;NO_PRODUCT_DATA;;GM413;
NOT_IMPORTABLE;GM453;NO_PRODUCT_DATA;;GM453;
NOT_IMPORTABLE;GM454;NO_PRODUCT_DATA;;GM454;
NOT_IMPORTABLE;GM564;NO_PRODUCT_DATA;;GM564;
NOT_IMPORTABLE;GM614;NO_PRODUCT_DATA;;GM614;
NOT_IMPORTABLE;GM619;NO_PRODUCT_DATA;;GM619;
NOT_IMPORTABLE;GM620;NO_PRODUCT_DATA;;GM620;
NOT_IMPORTABLE;GM622;NO_PRODUCT_DATA;;GM622;
NOT_IMPORTABLE;GM625;NO_PRODUCT_DATA;;GM625;
NOT_IMPORTABLE;GM627;NO_PRODUCT_DATA;;GM627;
NOT_IMPORTABLE;GM669;NO_PRODUCT_DATA;;GM669;
NOT_IMPORTABLE;GM671;NO_PRODUCT_DATA;;GM671;
NOT_IMPORTABLE;GM673;NO_PRODUCT_DATA;;GM673;
NOT_IMPORTABLE;GM679;NO_PRODUCT_DATA;;GM679;
NOT_IMPORTABLE;GM680;NO_PRODUCT_DATA;;GM680;
NOT_IMPORTABLE;GM698;NO_PRODUCT_DATA;;GM698;
NOT_IMPORTABLE;GM699;NO_PRODUCT_DATA;;GM699;
NOT_IMPORTABLE;GM717;NO_PRODUCT_DATA;;GM717;
NOT_IMPORTABLE;GM718;NO_PRODUCT_DATA;;GM718;
NOT_IMPORTABLE;GM719;NO_PRODUCT_DATA;;GM719;
NOT_IMPORTABLE;GM722;NO_PRODUCT_DATA;;GM722;
NOT_IMPORTABLE;GM723;NO_PRODUCT_DATA;;GM723;
NOT_IMPORTABLE;GM727;NO_PRODUCT_DATA;;GM727;
NOT_IMPORTABLE;GM731;NO_PRODUCT_DATA;;GM731;
NOT_IMPORTABLE;GM742;NO_PRODUCT_DATA;;GM742;
NOT_IMPORTABLE;GM749;NO_PRODUCT_DATA;;GM749;
NOT_IMPORTABLE;GM750;NO_PRODUCT_DATA;;GM750;
NOT_IMPORTABLE;GM751;NO_PRODUCT_DATA;;GM751;
NOT_IMPORTABLE;GM753;NO_PRODUCT_DATA;;GM753;
NOT_IMPORTABLE;GM754;NO_PRODUCT_DATA;;GM754;
NOT_IMPORTABLE;GM755;NO_PRODUCT_DATA;;GM755;
NOT_IMPORTABLE;GM758;NO_PRODUCT_DATA;;GM758;
NOT_IMPORTABLE;GM780;NO_PRODUCT_DATA;;GM780;
NOT_IMPORTABLE;GM782;NO_PRODUCT_DATA;;GM782;
NOT_IMPORTABLE;GM783;NO_PRODUCT_DATA;;GM783;
NOT_IMPORTABLE;GM826;NO_PRODUCT_DATA;;GM826;
NOT_IMPORTABLE;GM827;NO_PRODUCT_DATA;;GM827;
NOT_IMPORTABLE;GM845;NO_PRODUCT_DATA;;GM845;
NOT_IMPORTABLE;GM846;NO_PRODUCT_DATA;;GM846;
NOT_IMPORTABLE;GM852;NO_PRODUCT_DATA;;GM852;
NOT_IMPORTABLE;MW1000;NO_PRICE;Metallic Window Perpetual, 12 x 12 with Photo Opening and 12 Names Openings ;MW1000;
NOT_IMPORTABLE;MW1001;NO_PRICE;Metallic Window Perpetual, 10 x 13 12 Names Openings ;MW1001;
NOT_IMPORTABLE;MW1002;NO_PRICE;Metallic Window Individual, 5 x 7 ;MW1002;
NOT_IMPORTABLE;MW1003;NO_PRODUCT_DATA;;MW1003;
NOT_IMPORTABLE;MW1004;NO_PRODUCT_DATA;;MW1004;
NOT_IMPORTABLE;MW1005;NO_PRICE;Metallic Window Perpetual, 10 x 13 12 Names Openings ;MW1005;
NOT_IMPORTABLE;MW1006;NO_PRODUCT_DATA;;MW1006;
NOT_IMPORTABLE;NB8000;NO_PRICE;Rounded Corner Acrylic Name Badges, 1 Size;NB8000;
NOT_IMPORTABLE;NB8001;NO_PRICE;Bottom Tab Acrylic Name Badges;NB8001;
NOT_IMPORTABLE;TAB202**;NO_PRICE;Optional Cloisonné Date Tab  (Specify Year and Gold or Silver);TAB202**;
