ID,Handle,Title,Status,Metafield: custom.ps_product_id [single_line_text_field],Metafield: custom.ps_product_ids [list.single_line_text_field],PaceSetter IDs,Variant SKUs,Variants
15530894196847,p-10500-beveled-lucite-fin-on-marble-base,Beveled Lucite Fin on Marble Base,DRAFT,C0501A,"[""C0501A""]",C0501A,PSC0501A,1
15530907140207,p-10501-classic-leatherette-on-black-plaque-small,Classic Leatherette on Black Plaque - Small,DRAFT,CD950ABS,"[""CD950ABS"", ""CD950AGR"", ""CD950ARW"", ""CD950ARS""]",CD950ABS CD950AGR CD950ARW CD950ARS,PSCD950ABS PSCD950AGR PSCD950ARW PSCD950ARS,4
15530918150255,p-10502-beveled-lucite-fin-on-marble-base,Beveled Lucite Fin on Marble Base,DRAFT,C0501B,"[""C0501B""]",C0501B,PSC0501B,1
15530918346863,p-10503-metal-swirl-certificate-plaque,Metal Swirl Certificate Plaque,DRAFT,C3506,"[""C3506""]",C3506,PSC3506,1
15530918379631,p-10504-walnut-finish-certificate-frame,Walnut Finish Certificate Frame,DRAFT,C4804,"[""C4804""]",C4804,PSC4804,1
15530918969455,p-10505-patina-star-single-wave-jade-lucite-on-base,Patina Star Single Wave Jade Lucite on Base,DRAFT,CA12,"[""CA12""]",CA12,PSCA12,1
15530919198831,p-10506-bowed-metal-star-gold,Bowed Metal Star Gold,DRAFT,CD1063,"[""CD1063""]",CD1063,PSCD1063,1
15530919264367,p-10507-silver-star-tower,Silver Star Tower,DRAFT,CD1064,"[""CD1064""]",CD1064,PSCD1064,1
15530919428207,p-10508-elmwood-log-coaster,Elmwood Log Coaster,DRAFT,CD1066,"[""CD1066""]",CD1066,PSCD1066,1
15530919886959,p-10509-small-star-illumination-award,Small Star Illumination award,DRAFT,CD1070,"[""CD1070""]",CD1070,PSCD1070 PSDCCD1070,2
15530920476783,p-10510-large-star-illumination-award,Large Star Illumination award,DRAFT,CD1071,"[""CD1071""]",CD1071,PSCD1071,1
15530921230447,p-10511-flame-illumination-award,Flame Illumination award,DRAFT,CD1072,"[""CD1072""]",CD1072,PSCD1072,1
15530921820271,p-10512-spotlight-illumination-award,Spotlight illumination award,DRAFT,CD1073,"[""CD1073""]",CD1073,PSCD1073,1
15530922573935,p-10513-lightbulb-illumination-award,Lightbulb illumination award,DRAFT,CD1074,"[""CD1074""]",CD1074,PSCD1074,1
15530923294831,p-10514-stackable-clear-acrylic-block,Stackable Clear Acrylic Block,DRAFT,CD1075A,"[""CD1075A""]",CD1075A,PSCD1075A,1
15530923851887,p-10515-stackable-clear-acrylic-block,Stackable Clear Acrylic Block,DRAFT,CD1075B,"[""CD1075B""]",CD1075B,PSCD1075B,1
15530924507247,p-10516-stackable-clear-acrylic-block,Stackable Clear Acrylic Block,DRAFT,CD1075C,"[""CD1075C""]",CD1075C,PSCD1075C PS10502,2
15530925162607,p-10517-stackable-blank-double-aluminum-base-silver,"Stackable Blank Double Aluminum Base, Silver",DRAFT,CD1077,"[""CD1077""]",CD1077,PSCD1077,1
15530925850735,p-10518-tic-tac-toe-acrylic-game,Tic Tac Toe Acrylic Game,DRAFT,CD1080,"[""CD1080""]",CD1080,PSCD1080,1
15530926145647,p-10519-black-diamond-carve-lrg,"Black Diamond Carve, Lrg",DRAFT,CD1103C,"[""CD1103C""]",CD1103C,PSCD1103C,1
15530926211183,p-10520-circle-lucite-with-blue-glass-gemstone-and-marble-base,Circle Lucite with Blue Glass Gemstone and Marble Base,DRAFT,CD19,"[""CD19""]",CD19,PSCD19,1
15530926243951,p-10521-thick-lucite-wall-plaque-with-custom-digi-color,"¼"" Thick Lucite Wall Plaque with Custom Digi-Color",DRAFT,CD266A,"[""CD266A""]",CD266A,PSCD266A,1
15530926342255,p-10522-thick-lucite-wall-plaque-with-custom-digi-color,"¼"" Thick Lucite Wall Plaque with Custom Digi-Color",DRAFT,CD266B,"[""CD266B""]",CD266B,PSCD266B,1
15530926637167,p-10523-thick-lucite-wall-plaque-with-custom-digi-color,"¼"" Thick Lucite Wall Plaque with Custom Digi-Color",DRAFT,CD266C,"[""CD266C""]",CD266C,PSCD266C,1
15530926801007,p-10524-thick-lucite-wall-plaque-with-custom-digi-color,"3/8"" Thick Lucite Wall Plaque with Custom Digi-Color",DRAFT,CD267A,"[""CD267A""]",CD267A,PSCD267A,1
15530927325295,p-10525-thick-lucite-wall-plaque-with-custom-digi-color,"3/8"" Thick Lucite Wall Plaque with Custom Digi-Color",DRAFT,CD267B,"[""CD267B""]",CD267B,PSCD267B,1
15530927652975,p-10526-rosewood-finish-wine-tool-gift-set,Rosewood Finish 5-Piece Wine Tool Gift Set,DRAFT,CD820,"[""CD820""]",CD820,PSCD820,1
15530927915119,p-10527-anniversary-achievement-award,"Anniversary Achievement Award, 1 Year",DRAFT,CD901Y*,"[""CD901Y*""]",CD901Y*,PSCD901Y1 PSCD901Y10 PSCD901Y15 PSCD901Y2 PSCD901Y20 PSCD901Y25 PSCD901Y3 PSCD901Y30 PSCD901Y35 PSCD901Y4 PSCD901Y40 PSCD901Y45 PSCD901Y5 PSCD901Y50,14
15530928439407,p-10528-sedona-ridge-small,"Sedona Ridge, Small",DRAFT,CD913A*,"[""CD913A*""]",CD913A*,PSCD913ABL PSCD913AGR PSCD913ARD,3
15530928734319,p-10529-sedona-ridge-med,"Sedona Ridge, Med",DRAFT,CD913B*,"[""CD913B*""]",CD913B*,PSCD913BBL PSCD913BGR PSCD913BRD,3
15530928930927,p-10530-sedona-ridge-lrg,"Sedona Ridge, Lrg",DRAFT,CD913C*,"[""CD913C*""]",CD913C*,PSCD913CBL PSCD913CGR PSCD913CRD,3
15530929520751,p-10531-clear-acrylic-circle-on-clear-base,Clear Acrylic Circle on Clear Base,DRAFT,CD943A,"[""CD943A""]",CD943A,PSCD943A,1
15530929619055,p-10532-clear-acrylic-circle-on-clear-base,Clear Acrylic Circle on Clear Base,DRAFT,CD943B,"[""CD943B""]",CD943B,PSCD943B,1
15530929782895,p-10533-clear-acrylic-circle-on-clear-base,Clear Acrylic Circle on Clear Base,DRAFT,CD943C,"[""CD943C""]",CD943C,PSCD943C,1
15530929946735,p-10534-classic-leatherette-on-black-plaque-medium,Classic Leatherette on Black Plaque - Medium,DRAFT,CD950BBS,"[""CD950BBS"", ""CD950BGR"", ""CD950BRW""]",CD950BBS CD950BGR CD950BRW,PSCD950BBS PSCD950BGR PSCD950BRW,3
15530930045039,p-10535-classic-leatherette-on-black-plaque-large,Classic Leatherette on Black Plaque - Large,DRAFT,CD950CBS,"[""CD950CBS"", ""CD950CGR"", ""CD950CRS"", ""CD950CRW""]",CD950CBS CD950CGR CD950CRS CD950CRW,PSCD950CBS PSCD950CGR PSCD950CRS PSCD950CRW,4
15530930372719,p-10536-frosted-acrylic-oval-cutout-on-black-plaque,Frosted Acrylic Oval Cutout on Black Plaque,DRAFT,CD955,"[""CD955""]",CD955,PSCD955,1
15530930602095,p-10537-black-back-with-silver-bar-on-riser-plaque,Black Back with Silver Bar on Riser Plaque,DRAFT,CD956,"[""CD956""]",CD956,PSCD956,1
15530930962543,p-10538-black-acrylic-add-a-bar,Black Acrylic Add A Bar,DRAFT,CD983BAR,"[""CD983BAR""]",CD983BAR,PSCD983BAR,1
15530931257455,p-10539-full-color-certificate-printing,Full-Color Certificate Printing,DRAFT,CERTPA,"[""CERTPA""]",CERTPA,PSCERTPA,1
15530931355759,p-10540-full-color-certificate-printing,Full-Color Certificate Printing,DRAFT,CERTPAA,"[""CERTPAA""]",CERTPAA,PSCERTPAA,1
15530931585135,p-10541-full-color-certificate-printing,Full-Color Certificate Printing,DRAFT,CERTPB,"[""CERTPB""]",CERTPB,PSCERTPB,1
15530931814511,p-10542-full-color-certificate-printing,Full-Color Certificate Printing,DRAFT,CERTPC,"[""CERTPC""]",CERTPC,PSCERTPC,1
15530932142191,p-10543-full-color-certificate-printing,Full-Color Certificate Printing,DRAFT,CERTPD,"[""CERTPD""]",CERTPD,PSCERTPD,1
15530932437103,p-10544-leatherette-photo-frame,Leatherette 8 x 10 Photo Frame,DRAFT,CM248C*,"[""CM248C*""]",CM248C*,PSCM248CBS PSCM248CCK PSCM248CDB PSCM248CGR PSCM248CLB PSCM248CPK PSCM248CRW PSCM248CTL PSCM248CWM,9
15530932732015,p-10545-ebony-finish-golf-plaque-small,Ebony Finish Golf Plaque - Small,DRAFT,CM265A,"[""CM265A""]",CM265A,PSCM265A,1
15530932895855,p-10546-ebony-finish-golf-plaque-medium,Ebony Finish Golf Plaque - Medium,DRAFT,CM265B,"[""CM265B""]",CM265B,PSCM265B,1
15530933157999,p-10547-ebony-finish-golf-plaque-large,Ebony Finish Golf Plaque - Large,DRAFT,CM265C,"[""CM265C""]",CM265C,PSCM265C,1
15530933354607,p-10548-leatherette-bottle-opener-keychain,Leatherette Bottle Opener Keychain,DRAFT,CM331DB,"[""CM331DB"", ""CM331LB"", ""CM331RW"", ""CM331PK"", ""CM331GR""]",CM331DB CM331LB CM331RW CM331PK CM331GR,PSCM331DB PSCM331LB PSCM331RW PSCM331PK PSCM331GR,5
15530933878895,p-10549-silver-skeleton-clock-on-rosewood-piano-base,Silver Skeleton Clock on Rosewood Piano Base,DRAFT,CM405,"[""CM405""]",CM405,PSCM405,1
15530934141039,p-10550-silver-skeleton-clock-in-rosewood-piano-box,Silver Skeleton Clock in Rosewood Piano Box,DRAFT,CM406,"[""CM406""]",CM406,PSCM406,1
15530934272111,p-10551-walnut-piano-photo-holder-and-clock,Walnut Piano Photo Holder and Clock,DRAFT,CM407,"[""CM407""]",CM407,PSCM407,1
15530934468719,p-10552-leatherette-wine-set,Leatherette 3-Piece Wine Set,DRAFT,CM429LB,"[""CM429LB""]",CM429LB,PSCM429LB,1
15530934665327,p-10553-glass-mirror-beveled-octagon-ornament,Glass Mirror Beveled Octagon Ornament,DRAFT,CM459A,"[""CM459A""]",CM459A,PSCM459A PSJCM459A,2
15530934927471,p-10554-glass-mirror-beveled-house-ornament,Glass Mirror Beveled House ornament,DRAFT,CM459B,"[""CM459B""]",CM459B,PSCM459B PSJCM459B,2
15530935189615,p-10555-polar-camel-insulated-tumbler-with-silicone-grip,Polar Camel Insulated Tumbler With Silicone Grip,DRAFT,CM728*,"[""CM728*""]",CM728*,PSCM728BK PSCM728BL PSCM728DB PSCM728PK PSCM728RD PSCM728TL PSCM728WH,7
15530935287919,p-10556-polar-camel-insulated-tumbler-with-leatherette-grip,Polar Camel Insulated Tumbler with Leatherette Grip,DRAFT,CM732,"[""CM732""]",CM732,PSCM732BB PSCM732BS PSCM732BV PSCM732DB PSCM732GY PSCM732LB PSCM732PK PSCM732RV PSCM732RW PSCM732TL,10
15530935517295,p-10557-leatherette-flask-with-shot-glasses-light-brown,"Leatherette flask with Shot Glasses, Light Brown",DRAFT,CM733,"[""CM733""]",CM733,PSCM733,1
15530935681135,p-10558-leatherette-tray-with-corner-buttons-that-snap-sides-in-place-this-tray-is-perfect-for-holding-keys-change-and-more-laser-imprint-with-your-logo-or-message-personalization-available-for-an-additional,"Leatherette tray with corner buttons that snap sides in place. This tray  is perfect for holding keys, change, and more! Laser imprint with your logo or message. Personalization available for an additional charge. Please Specify: Black/Silver (BS), Blue/S",DRAFT,CM735,"[""CM735""]",CM735,PSCM735BS PSCM735BV PSCM735GY PSCM735RW,4
15530936008815,p-10559-polar-camel-slider-lid,Polar Camel Slider Lid 12 oz 14 oz or 16 oz,DRAFT,CM736A,"[""CM736A""]",CM736A,PSCM736A,1
15530936402031,p-10560-polar-camel-slider-lid,Polar Camel Slider Lid 10 oz or 20oz,DRAFT,CM736B,"[""CM736B""]",CM736B,PSCM736B,1
15530936598639,p-10561-polar-camel-sider-lip,Polar Camel Sider Lip 30 oz,DRAFT,CM736C,"[""CM736C""]",CM736C,PSCM736C,1
15530936762479,p-10562-snowflake-acrylic-christmas-ornament,Snowflake Acrylic Christmas Ornament,DRAFT,CM741,"[""CM741""]",CM741,PSCM741 PSJCM741,2
15530936991855,p-10563-oval-acrylic-christmas-ornament,Oval Acrylic Christmas Ornament,DRAFT,CM742,"[""CM742""]",CM742,PSCM742 PSJCM742,2
15530937221231,p-10564-hexagon-acrylic-christmas-ornament,Hexagon Acrylic Christmas Ornament,DRAFT,CM743,"[""CM743""]",CM743,PSCM743 PSJCM743,2
15530937679983,p-10565-perpetual-corporate-cup-gold,"Perpetual Corporate Cup, Gold",DRAFT,CM811*,"[""CM811*""]",CM811*,PSCM811G PSCM811S PSCM811GEG,3
15530937778287,p-10566-perpetual-corporate-cup-ez-perpetual-gold,Perpetual Corporate Cup EZ Perpetual Gold,DRAFT,CM811EZ*,"[""CM811EZ*""]",CM811EZ*,PSCM811EZG PSCM811EZS,2
15530937974895,p-10567-polar-camel-travel-mug-blue,"20 oz Polar Camel Travel Mug, Blue",DRAFT,CM815*,"[""CM815*""]",CM815*,PSCM815BK PSCM815BL PSCM815CR PSCM815DB PSCM815GR PSCM815GY PSCM815LB PSCM815LP PSCM815MR PSCM815OG PSCM815OR PSCM815PK PSCM815PU PSCM815RD PSCM815TL PSCM815WH PSCM815YW,17
15530938302575,p-10568-silver-steel-funnel,Silver Steel Funnel,DRAFT,CMFLN,"[""CMFLN""]",CMFLN,PSCMFLN,1
15530938531951,p-10569-floating-coin-plastic-holder-with-clear-acetate-film-with-black-frame-a-perfection-compaion-for-challenge-coins-it-is-a-great-way-to-display-coins-earned,"Floating coin plastic holder with clear acetate film with black frame. A perfection compaion for 2 1/8"" Challenge Coins. It is a great way to display coins earned.",DRAFT,DSP1,"[""DSP1""]",DSP1,PSDSP1,1
15530938663023,p-10570-walnut-finish-scroll-border-plaque-with-easy-perpetual-plate-release-program,Walnut Finish 12-Plt Scroll Border Plaque with Easy Perpetual Plate Release Program,DRAFT,EP1,"[""EP1""]",EP1,PSEP1,1
15530938892399,p-10571-walnut-finish-scroll-border-plaque-with-easy-perpetual-plate-release-program-and-individual-companion-plaques,"Walnut Finish 12-Plt Scroll Border Plaque  with Easy Perpetual Plate Release Program and 12 Individual 5"" x 7"" Companion Plaques",DRAFT,EP1PK,"[""EP1PK""]",EP1PK,PSEP1PK,1
15530939023471,p-10572-walnut-finish-magnetic-scroll-border-photo-plaque-with-easy-perpetual-plt-release-program,Walnut Finish 13-Plt Magnetic Scroll Border Photo Plaque  with Easy Perpetual Plt Release Program,DRAFT,EP2MAG,"[""EP2MAG""]",EP2MAG,PSEP2MAG,1
15530939318383,p-10573-rosewood-piano-magnetic-pearl-border-plaque-with-easy-perpetual-plt-release-program,Rosewood Piano 12-Plt Magnetic Pearl Border Plaque  with Easy Perpetual Plt Release Program,DRAFT,EP5MAG,"[""EP5MAG""]",EP5MAG,PSEP5MAG,1
15530939416687,p-10574-rosewood-piano-pearl-border-plaque-with-easy-perpetual-plate-release-program,Rosewood Piano 24-Plate Pearl Border Plaque  with Easy Perpetual Plate Release Program,DRAFT,EP737,"[""EP737""]",EP737,PSEP737,1
15530939613295,p-10575-rosewood-piano-magnetic-pearl-border-plaque-with-easy-perpetual-plt-release-program,Rosewood Piano 24-Plt Magnetic Pearl Border Plaque  with Easy Perpetual Plt Release Program,DRAFT,EP737MAG,"[""EP737MAG""]",EP737MAG,PSEP737MAG PS5173040-001,2
15530939908207,p-10576-optic-crystal-oval-wave-column-on-base,Optic Crystal Oval Wave Column on Base,DRAFT,G0821,"[""G0821""]",G0821,PSG0821,1
15530940137583,p-10577-golf-ball-tower,Golf Ball Tower,DRAFT,G0832B,"[""G0832B""]",G0832B,PSG0832B,1
15530940366959,p-10578-golf-ball-tower,Golf Ball Tower,DRAFT,G0832C,"[""G0832C""]",G0832C,PSG0832C,1
15530940629103,p-10579-crystal-golf-driver-head,Crystal Golf Driver Head,DRAFT,G0834A,"[""G0834A""]",G0834A,PSG0834A,1
15530940858479,p-10580-crystal-golf-driver-head,Crystal Golf Driver Head,DRAFT,G0834B,"[""G0834B""]",G0834B,PSG0834B,1
15530941055087,p-10581-crystal-driver-on-tall-base,Crystal Driver on Tall Base,DRAFT,G0835A,"[""G0835A""]",G0835A,PSG0835A,1
15530941251695,p-10582-crystal-driver-on-tall-base,Crystal Driver on Tall Base,DRAFT,G0835C,"[""G0835C""]",G0835C,PSG0835C,1
15530941382767,p-10583-clear-faceted-crystal-keychain,Clear Faceted Crystal Keychain,DRAFT,G0977,"[""G0977""]",G0977,PSG0977,1
15530941546607,p-10584-clear-rectangle-keychain,Clear Rectangle Keychain,DRAFT,G0978,"[""G0978""]",G0978,PSG0978,1
15530941677679,p-10585-optional-aluminum-achievement-bar-includes-free-screen-text-set,Optional Aluminum Achievement Bar  (Includes FREE 1-Color Screen Text Set-up),DRAFT,GBAR,"[""GBAR""]",GBAR,PSGBAR,1
15530941972591,p-10586-blue-glass-bar-with-silver-color-fill-includes-free-text-set,Blue Glass Bar with Silver Color-Fill (Includes FREE Text Set-up),DRAFT,GI310BAR,"[""GI310BAR""]",GI310BAR,PSGI310BAR,1
15530942201967,p-10587-black-glass-bar-with-silver-color-fill-includes-free-text-set,Black Glass Bar with Silver Color-Fill (Includes FREE Text Set-up),DRAFT,GI310BARK,"[""GI310BARK""]",GI310BARK,PSGI310BARK,1
15530942595183,p-10588-optic-clear-and-blue-crystal-on-clear-base-includes-sandblast-in-locations-and-silver-color-fill-on-blue,Optic Clear and Blue Crystal on Clear Base (Includes Sandblast in 2 Locations and Silver Color-Fill on Blue),DRAFT,GI570,"[""GI570""]",GI570,PSGI570,1
15530943152239,p-10589-crystal-faceted-block-tower-small,Crystal Faceted Block Tower - Small,DRAFT,GI665A,"[""GI665A""]",GI665A,PSGI665A,1
15530943545455,p-10590-crystal-faceted-block-tower-medium,Crystal Faceted Block Tower - Medium,DRAFT,GI665B,"[""GI665B""]",GI665B,PSGI665B,1
15530943905903,p-10591-crystal-faceted-block-tower-large,Crystal Faceted Block Tower - Large,DRAFT,GI665C,"[""GI665C""]",GI665C,PSGI665C,1
15530944233583,p-10592-optic-crystal-faceted-arch-on-black-glass-base,Optic Crystal Faceted Arch on Black Glass Base,DRAFT,GM427,"[""GM427""]",GM427,PSGM427,1
15530945675375,p-10593-faceted-crystal-circle-topped-tower-includes-sandblast-in-locations,Faceted Crystal Circle-Topped Tower  (Includes Sandblast in 2 Locations),DRAFT,GM544B,"[""GM544B""]",GM544B,PSGM544B,1
15530946134127,p-10594-optic-crystal-arch-over-globe-on-black-glass-base,Optic Crystal Arch Over Globe on Black Glass Base,DRAFT,GM634,"[""GM634""]",GM634,PSGM634,1
15530946461807,p-10595-optic-crystal-pillar-column-with-globe,Optic Crystal Pillar Column with Globe,DRAFT,GM635,"[""GM635""]",GM635,PSGM635,1
15530946756719,p-10596-diamond-cut-clear-crystal-on-black-base-includes-sandblast-and-color-fill-on-base,Diamond-Cut Clear Crystal on Black Base  (Includes Sandblast and Color-Fill on Base),DRAFT,GM654,"[""GM654""]",GM654,PSGM654,1
15530947084399,p-10597-faceted-crystal-spearhead-on-black-base-includes-sandblast-and-color-fill-on-base,Faceted Crystal Spearhead on Black Base  (Includes Sandblast and Color-Fill on Base),DRAFT,GM655,"[""GM655""]",GM655,PSGM655,1
15530947346543,p-10598-crystal-wedge-billboard-with-golf-ball-and-tee,Crystal Wedge Billboard with Golf Ball and Tee,DRAFT,GM686,"[""GM686""]",GM686,PSGM686,1
15530947575919,p-10599-crystal-crossed-golf-clubs-on-black-base-includes-sandblast-and-silver-color-fill-on-base,Crystal Crossed-Golf Clubs on Black Base (Includes Sandblast and Silver Color-Fill on Base),DRAFT,GM688A,"[""GM688A""]",GM688A,PSGM688A,1
15530947674223,p-10600-crystal-crossed-golf-clubs-on-black-base-includes-sandblast-and-silver-color-fill-on-base,Crystal Crossed-Golf Clubs on Black Base (Includes Sandblast and Silver Color-Fill on Base),DRAFT,GM688B,"[""GM688B""]",GM688B,PSGM688B,1
15530947936367,p-10601-crystal-crossed-golf-clubs-on-black-base-includes-sandblast-and-silver-color-fill-on-base,Crystal Crossed-Golf Clubs on Black Base (Includes Sandblast and Silver Color-Fill on Base),DRAFT,GM688C,"[""GM688C""]",GM688C,PSGM688C,1
15530948132975,p-10602-crystal-golf-ball-on-faceted-tower,Crystal Golf Ball on Faceted Tower,DRAFT,GM689,"[""GM689""]",GM689,PSGM689,1
15530948395119,p-10603-stunning-vase-resting-on-black-ebony-base-unattached-with-black-lasered-plate,Stunning Vase Resting on Black Ebony Base  (Unattached) with Black Lasered Plate,DRAFT,GM700,"[""GM700""]",GM700,PSGM700,1
15530948657263,p-10604-red-art-glass-heart-on-black-gla,6-1/2 x 6 x 2-3/4 Red Art Glass Heart on Black Gla,DRAFT,GM761,"[""GM761""]",GM761,PSGM761,1
15530948919407,p-10605-crystal-flame-set-in-polished-metal-on-a-black-crystal-base,Crystal Flame Set in Polished Metal on a Black Crystal Base,DRAFT,GM784A,"[""GM784A""]",GM784A,PSGM784A,1
15530949050479,p-10606-crystal-flame-set-in-polished-metal-on-a-black-crystal-base,Crystal Flame Set in Polished Metal on a Black Crystal Base,DRAFT,GM784B,"[""GM784B""]",GM784B,PSGM784B,1
15530949214319,p-10607-circular-glass-on-a-polished-silver-and-black-glass-deco-base,Circular glass on a polished silver and black glass deco base,DRAFT,GM793A,"[""GM793A""]",GM793A,PSGM793A,1
15530949443695,p-10608-circular-glass-on-a-polished-silver-and-black-glass-deco-base,Circular glass on a polished silver and black glass deco base,DRAFT,GM793B,"[""GM793B""]",GM793B,PSGM793B,1
15530949705839,p-10609-blue-water-splash-glass-on-a-black-base,Blue Water Splash Glass on a Black Base,DRAFT,GM794,"[""GM794""]",GM794,PSGM794,1
15530949902447,p-10610-embrace-of-blue-and-copper-colors-on-a-black-base,Embrace of Blue and Copper Colors on a Black Base,DRAFT,GM795,"[""GM795""]",GM795,PSGM795,1
15530950164591,p-10611-twisted-rainbow-swirl-glass-on-a-black-base,Twisted Rainbow Swirl Glass on a Black Base,DRAFT,GM796,"[""GM796""]",GM796,PSGM796,1
15530950295663,p-10612-faceted-rainbow-drop-on-a-black-base,Faceted Rainbow Drop on a Black Base,DRAFT,GM797,"[""GM797""]",GM797,PSGM797,1
15530950590575,p-10613-small-crystal-black-diamond,Small Crystal Black Diamond,DRAFT,GM798ABK,"[""GM798ABK""]",GM798ABK,PSGM798ABK,1
15530950787183,p-10614-small-crystal-blue-diamond,Small Crystal Blue Diamond,DRAFT,GM798ABL,"[""GM798ABL""]",GM798ABL,PSGM798ABL,1
15530950918255,p-10615-large-crystal-black-diamond,Large Crystal Black Diamond,DRAFT,GM798BBK,"[""GM798BBK""]",GM798BBK,PSGM798BBK,1
15530951016559,p-10616-large-crystal-blue-diamond,Large Crystal Blue Diamond,DRAFT,GM798BBL,"[""GM798BBL""]",GM798BBL,PSGM798BBL,1
15530951245935,p-10617-small-beveled-oval-black,"Small Beveled Oval, Black",DRAFT,GM799ABK,"[""GM799ABK"", ""GM799ABL""]",GM799ABK GM799ABL,PSGM799ABK PSGM799ABL,2
15530951671919,p-10618-large-beveled-oval-black,"Large Beveled Oval, Black",DRAFT,GM799BBK,"[""GM799BBK"", ""GM799BBL""]",GM799BBK GM799BBL,PSGM799BBK PSGM799BBL,2
15530951934063,p-10619-spotlight-crystal-small,"Spotlight Crystal, Small",DRAFT,GM800A,"[""GM800A""]",GM800A,PSGM800A,1
15530952163439,p-10620-spotlight-crystal-med,"Spotlight Crystal, Med",DRAFT,GM800B,"[""GM800B""]",GM800B,PSGM800B,1
15530952261743,p-10621-spotlight-crystal-large,"Spotlight Crystal, Large",DRAFT,GM800C,"[""GM800C""]",GM800C,PSGM800C,1
15530952523887,p-10622-faceted-crystal-rose-bowl,Faceted Crystal Rose Bowl,DRAFT,GNS113,"[""GNS113""]",GNS113,PSGNS113,1
15530952884335,p-10623-slant-candy-bowl,Slant Candy Bowl,DRAFT,GNS175,"[""GNS175""]",GNS175,PSGNS175,1
15530953277551,p-10624-crystalline-candy-jar-with-lid-lead-free,Crystalline Candy Jar with Lid (Lead-Free),DRAFT,GNS176,"[""GNS176""]",GNS176,PSGNS176,1
15530953605231,p-10625-wheeler-truck-small,18 Wheeler Truck - Small,DRAFT,GNS179A,"[""GNS179A""]",GNS179A,PSGNS179A,1
15530953834607,p-10626-wheeler-truck-med,18 Wheeler Truck - Med,DRAFT,GNS179B,"[""GNS179B""]",GNS179B,PSGNS179B,1
15530953998447,p-10627-wheeler-truck-large,"18 Wheeler Truck, Large",DRAFT,GNS179C,"[""GNS179C""]",GNS179C,PSGNS179C,1
15530954227823,p-10628-gem-cut-optic-ellipse-small,Gem-Cut Optic Ellipse - Small,DRAFT,GNS182A,"[""GNS182A""]",GNS182A,PSGNS182A,1
15530954653807,p-10629-gem-cut-optic-ellipse-medium,Gem-Cut Optic Ellipse - Medium,DRAFT,GNS182B,"[""GNS182B""]",GNS182B,PSGNS182B,1
15530954948719,p-10630-gem-cut-optic-ellipse-large,Gem-Cut Optic Ellipse - Large,DRAFT,GNS182C,"[""GNS182C""]",GNS182C,PSGNS182C,1
15530956161135,p-10631-black-and-silver-cloisonne-oval-date-bar-adhesive-includes-free-text-set,Black and Silver Cloisonné Oval Date Bar-Adhesive (Includes FREE Text Set-up),DRAFT,OVBARG,"[""OVBARG""]",OVBARG,PSOVBARG,1
